Time_Sec,UTC,Latitude,Longitude,Smoothed_Latitude,Smoothed_Longitude,UTM_X,UTM_Y,UTM_Z,Smoothed_UTM_X,Smoothed_UTM_Y,Yaw_Deg,Target_WP_Index,Target_WP_X,Target_WP_Y,Target_Latitude,Target_Longitude,Command_V,Command_W,Left_RPM,Right_RPM,Actual_Left_RPM,Actual_Right_RPM,Left_DAC,Right_DAC,RTK_Fix_Status
0.650,094236.20,10.48525200,76.44418900,10.48525200,76.44418900,658051.522,1159427.013,107.90,658051.522,1159427.013,123.5,1,635698.433,1193167.705,10.79120000,76.24120462,0.366,0.000,10.0,10.0,0.0,0.0,450,450,RTK FIXED
0.683,094236.20,10.48525200,76.44418900,10.48525200,76.44418900,658051.522,1159427.013,107.90,658051.522,1159427.013,123.5,1,635698.433,1193167.705,10.79120000,76.24120462,0.366,0.000,10.0,10.0,0.0,0.0,900,900,RTK FIXED
0.738,094236.20,10.48525200,76.44418900,10.48525200,76.44418900,658051.522,1159427.013,107.90,658051.522,1159427.013,123.5,1,635698.433,1193167.705,10.79120000,76.24120462,0.366,0.000,10.0,10.0,0.0,0.0,1350,1350,RTK FIXED
0.784,094236.20,10.48525200,76.44418900,10.48525200,76.44418900,658051.522,1159427.013,107.90,658051.522,1159427.013,123.5,1,635698.433,1193167.705,10.79120000,76.24120462,0.366,0.000,10.0,10.0,0.0,0.0,1800,1800,RTK FIXED
0.838,094236.40,10.48525200,76.44418900,10.48525200,76.44418900,658052.088,1159426.691,107.90,658051.749,1159426.884,77.6,1,635698.433,1193167.705,10.79120000,76.24120462,0.332,0.218,6.7,10.0,0.0,0.0,1372,2047,RTK FIXED
0.884,094236.40,10.48525200,76.44418900,10.48525200,76.44418900,658052.088,1159426.691,107.90,658051.885,1159426.807,77.6,1,635698.433,1193167.705,10.79120000,76.24120462,0.332,0.218,6.7,10.0,0.0,0.0,1372,2047,RTK FIXED
0.938,094236.40,10.48525200,76.44418900,10.48525200,76.44418900,658052.088,1159426.691,107.90,658051.966,1159426.761,77.6,1,635698.433,1193167.705,10.79120000,76.24120462,0.332,0.218,6.7,10.0,0.0,0.0,1372,2047,RTK FIXED
0.984,094236.40,10.48525200,76.44418900,10.48525200,76.44418900,658052.088,1159426.691,107.90,658052.015,1159426.733,77.6,1,635698.433,1193167.705,10.79120000,76.24120462,0.332,0.218,6.7,10.0,0.0,0.0,1372,2047,RTK FIXED
1.038,094236.60,10.48525200,76.44418900,10.48525200,76.44418900,658051.803,1159426.646,107.90,658051.930,1159426.698,31.1,1,635698.433,1193167.705,10.79120000,76.24120462,0.332,0.218,6.7,10.0,-0.5,0.9,1372,2047,RTK FIXED
1.083,094236.60,10.48525200,76.44418900,10.48525200,76.44418900,658051.803,1159426.646,107.90,658051.879,1159426.677,31.1,1,635698.433,1193167.705,10.79120000,76.24120462,0.332,0.218,6.7,10.0,0.6,2.8,1372,2047,RTK FIXED
1.138,094236.60,10.48525200,76.44418900,10.48525200,76.44418900,658051.803,1159426.646,107.90,658051.849,1159426.665,31.1,1,635698.433,1193167.705,10.79120000,76.24120462,0.332,0.218,6.7,10.0,-0.5,2.3,1372,2047,RTK FIXED
1.191,094236.60,10.48525200,76.44418900,10.48525200,76.44418900,658051.803,1159426.646,107.90,658051.830,1159426.657,31.1,1,635698.433,1193167.705,10.79120000,76.24120462,0.332,0.218,6.7,10.0,0.5,2.3,1372,2047,RTK FIXED
1.238,094236.80,10.48525200,76.44418900,10.48525200,76.44418900,658051.570,1159426.822,107.90,658051.726,1159426.723,73.0,1,635698.433,1193167.705,10.79120000,76.24120462,0.332,0.218,6.7,10.0,0.0,3.7,1372,2047,RTK FIXED
1.291,094236.80,10.48525200,76.44418900,10.48525200,76.44418900,658051.570,1159426.822,107.90,658051.664,1159426.763,73.0,1,635698.433,1193167.705,10.79120000,76.24120462,0.332,0.218,6.7,10.0,0.0,3.8,1372,2047,RTK FIXED
1.337,094236.80,10.48525200,76.44418900,10.48525200,76.44418900,658051.570,1159426.822,107.90,658051.627,1159426.787,73.0,1,635698.433,1193167.705,10.79120000,76.24120462,0.332,0.218,6.7,10.0,0.0,3.8,1372,2047,RTK FIXED
1.391,094236.80,10.48525200,76.44418900,10.48525200,76.44418900,658051.570,1159426.822,107.90,658051.604,1159426.801,73.0,1,635698.433,1193167.705,10.79120000,76.24120462,0.332,0.218,6.7,10.0,0.0,4.1,1372,2047,RTK FIXED
1.438,094237.00,10.48525200,76.44418900,10.48525200,76.44418900,658051.774,1159426.654,107.90,658051.672,1159426.742,73.0,1,635698.433,1193167.705,10.79120000,76.24120462,0.332,0.218,6.7,10.0,0.0,3.7,1372,2047,RTK FIXED
1.492,094237.00,10.48525200,76.44418900,10.48525200,76.44418900,658051.774,1159426.654,107.90,658051.713,1159426.707,73.0,1,635698.433,1193167.705,10.79120000,76.24120462,0.332,0.218,6.7,10.0,-0.5,4.2,1372,2047,RTK FIXED
1.539,094237.20,10.48525200,76.44418900,10.48525200,76.44418900,658051.774,1159426.654,107.90,658051.738,1159426.686,32.9,1,635698.433,1193167.705,10.79120000,76.24120462,0.332,0.218,6.7,10.0,0.0,4.3,1372,2047,RTK FIXED
1.591,094237.20,10.48525200,76.44418900,10.48525200,76.44418900,658051.774,1159426.654,107.90,658051.752,1159426.673,32.9,1,635698.433,1193167.705,10.79120000,76.24120462,0.332,0.218,6.7,10.0,0.0,5.2,1372,2047,RTK FIXED
1.638,094237.20,10.48525200,76.44418900,10.48525200,76.44418900,658051.774,1159426.654,107.90,658051.761,1159426.666,32.9,1,635698.433,1193167.705,10.79120000,76.24120462,0.332,0.218,6.7,10.0,0.0,5.4,1372,2047,RTK FIXED
1.691,094237.20,10.48525200,76.44418900,10.48525200,76.44418900,658051.774,1159426.654,107.90,658051.766,1159426.661,32.9,1,635698.433,1193167.705,10.79120000,76.24120462,0.332,0.218,6.7,10.0,0.5,7.0,1372,2047,RTK FIXED
1.746,094237.20,10.48525200,76.44418900,10.48525200,76.44418900,658051.774,1159426.654,107.90,658051.770,1159426.658,32.9,1,635698.433,1193167.705,10.79120000,76.24120462,0.332,0.218,6.7,10.0,0.0,9.6,1372,2047,RTK FIXED
1.791,094237.20,10.48525200,76.44418900,10.48525200,76.44418900,658051.774,1159426.654,107.90,658051.771,1159426.657,32.9,1,635698.433,1193167.705,10.79120000,76.24120462,0.332,0.218,6.7,10.0,0.0,10.4,1372,2047,RTK FIXED
1.847,094237.40,10.48525300,76.44418900,10.48525240,76.44418900,658051.576,1159426.923,108.00,658051.693,1159426.763,61.5,1,635698.433,1193167.705,10.79120000,76.24120462,0.332,0.218,6.7,10.0,-0.5,11.3,1372,2047,RTK FIXED
1.891,094237.40,10.48525300,76.44418900,10.48525264,76.44418900,658051.576,1159426.923,108.00,658051.646,1159426.827,61.5,1,635698.433,1193167.705,10.79120000,76.24120462,0.332,0.218,6.7,10.0,0.0,12.3,1372,2047,RTK FIXED
1.946,094237.40,10.48525300,76.44418900,10.48525278,76.44418900,658051.576,1159426.923,108.00,658051.618,1159426.865,61.5,1,635698.433,1193167.705,10.79120000,76.24120462,0.332,0.218,6.7,10.0,0.5,13.3,1372,2047,RTK FIXED
1.992,094237.40,10.48525300,76.44418900,10.48525287,76.44418900,658051.576,1159426.923,108.00,658051.601,1159426.888,61.5,1,635698.433,1193167.705,10.79120000,76.24120462,0.332,0.218,6.7,10.0,0.0,14.6,1372,2047,RTK FIXED
2.047,094237.60,10.48525300,76.44418900,10.48525292,76.44418900,658051.706,1159426.795,108.00,658051.643,1159426.851,61.5,1,635698.433,1193167.705,10.79120000,76.24120462,0.332,0.218,6.7,10.0,-0.5,14.6,1372,2047,RTK FIXED
2.092,094237.60,10.48525300,76.44418900,10.48525295,76.44418900,658051.706,1159426.795,108.00,658051.668,1159426.829,61.5,1,635698.433,1193167.705,10.79120000,76.24120462,0.332,0.218,6.7,10.0,0.0,15.5,1372,2047,RTK FIXED
2.146,094237.60,10.48525300,76.44418900,10.48525297,76.44418900,658051.706,1159426.795,108.00,658051.684,1159426.815,61.5,1,635698.433,1193167.705,10.79120000,76.24120462,0.332,0.218,6.7,10.0,0.5,16.7,1372,2047,RTK FIXED
2.193,094237.60,10.48525300,76.44418900,10.48525298,76.44418900,658051.706,1159426.795,108.00,658051.693,1159426.807,61.5,1,635698.433,1193167.705,10.79120000,76.24120462,0.332,0.218,6.7,10.0,0.0,16.8,1372,2047,RTK FIXED
2.247,094237.80,10.48525300,76.44418900,10.48525299,76.44418900,658051.706,1159426.795,108.00,658051.698,1159426.803,61.5,1,635698.433,1193167.705,10.79120000,76.24120462,0.332,0.218,6.7,10.0,0.0,17.5,1372,2047,RTK FIXED
2.299,094237.80,10.48525300,76.44418900,10.48525299,76.44418900,658051.706,1159426.795,108.00,658051.701,1159426.800,61.5,1,635698.433,1193167.705,10.79120000,76.24120462,0.332,0.218,6.7,10.0,0.0,17.6,1372,2047,RTK FIXED
2.346,094237.80,10.48525300,76.44418900,10.48525300,76.44418900,658051.706,1159426.795,108.00,658051.703,1159426.798,61.5,1,635698.433,1193167.705,10.79120000,76.24120462,0.332,0.218,6.7,10.0,-0.5,17.0,1372,2047,RTK FIXED
2.402,094238.00,10.48525300,76.44418800,10.48525300,76.44418860,658051.597,1159426.795,108.00,658051.661,1159426.797,61.5,1,635698.433,1193167.705,10.79120000,76.24120462,0.332,0.218,6.7,10.0,0.0,17.6,1372,2047,RTK FIXED
2.447,094238.00,10.48525300,76.44418800,10.48525300,76.44418836,658051.597,1159426.795,108.00,658051.635,1159426.796,61.5,1,635698.433,1193167.705,10.79120000,76.24120462,0.332,0.218,6.7,10.0,0.0,17.4,1372,2047,RTK FIXED
2.500,094238.00,10.48525300,76.44418800,10.48525300,76.44418822,658051.597,1159426.795,108.00,658051.620,1159426.795,61.5,1,635698.433,1193167.705,10.79120000,76.24120462,0.332,0.218,6.7,10.0,0.5,17.2,1372,2047,RTK FIXED
2.546,094238.00,10.48525300,76.44418800,10.48525300,76.44418813,658051.597,1159426.795,108.00,658051.611,1159426.795,61.5,1,635698.433,1193167.705,10.79120000,76.24120462,0.332,0.218,6.7,10.0,-0.5,15.3,1372,2047,RTK FIXED
2.601,094238.20,10.48525300,76.44418800,10.48525300,76.44418808,658051.597,1159426.795,107.90,658051.605,1159426.795,61.5,1,635698.433,1193167.705,10.79120000,76.24120462,0.332,0.218,6.7,10.0,0.0,18.2,1372,2047,RTK FIXED
2.647,094238.20,10.48525300,76.44418800,10.48525300,76.44418805,658051.597,1159426.795,107.90,658051.602,1159426.795,61.5,1,635698.433,1193167.705,10.79120000,76.24120462,0.332,0.218,6.7,10.0,0.0,17.5,1372,2047,RTK FIXED
2.700,094238.20,10.48525300,76.44418800,10.48525300,76.44418803,658051.597,1159426.795,107.90,658051.600,1159426.795,61.5,1,635698.433,1193167.705,10.79120000,76.24120462,0.332,0.218,6.7,10.0,0.0,17.4,1372,2047,RTK FIXED
2.746,094238.20,10.48525300,76.44418800,10.48525300,76.44418802,658051.597,1159426.795,107.90,658051.599,1159426.795,61.5,1,635698.433,1193167.705,10.79120000,76.24120462,0.332,0.218,6.7,10.0,0.5,17.3,1372,2047,RTK FIXED
2.801,094238.40,10.48525300,76.44418800,10.48525300,76.44418801,658051.597,1159426.795,107.90,658051.598,1159426.795,61.5,1,635698.433,1193167.705,10.79120000,76.24120462,0.332,0.218,6.7,10.0,0.0,17.7,1372,2047,RTK FIXED
2.847,094238.40,10.48525300,76.44418800,10.48525300,76.44418801,658051.597,1159426.795,107.90,658051.597,1159426.795,61.5,1,635698.433,1193167.705,10.79120000,76.24120462,0.332,0.218,6.7,10.0,0.0,17.7,1372,2047,RTK FIXED
2.900,094238.40,10.48525300,76.44418800,10.48525300,76.44418800,658051.597,1159426.795,107.90,658051.597,1159426.795,61.5,1,635698.433,1193167.705,10.79120000,76.24120462,0.332,0.218,6.7,10.0,0.0,17.3,1372,2047,RTK FIXED
2.955,094238.40,10.48525300,76.44418800,10.48525300,76.44418800,658051.597,1159426.795,107.90,658051.597,1159426.795,61.5,1,635698.433,1193167.705,10.79120000,76.24120462,0.332,0.218,6.7,10.0,0.0,17.8,1372,2047,RTK FIXED
3.002,094238.60,10.48525300,76.44418700,10.48525300,76.44418760,658051.487,1159426.794,108.00,658051.553,1159426.795,96.9,1,635698.433,1193167.705,10.79120000,76.24120462,0.340,0.191,7.1,10.0,-0.5,17.5,1457,2047,RTK FIXED
3.055,094238.60,10.48525300,76.44418700,10.48525300,76.44418736,658051.487,1159426.794,108.00,658051.527,1159426.794,96.9,1,635698.433,1193167.705,10.79120000,76.24120462,0.340,0.191,7.1,10.0,0.0,17.5,1457,2047,RTK FIXED
3.104,094238.60,10.48525300,76.44418700,10.48525300,76.44418722,658051.487,1159426.794,108.00,658051.511,1159426.794,96.9,1,635698.433,1193167.705,10.79120000,76.24120462,0.340,0.191,7.1,10.0,0.5,17.6,1457,2047,RTK FIXED
3.154,094238.60,10.48525300,76.44418700,10.48525300,76.44418713,658051.487,1159426.794,108.00,658051.502,1159426.794,96.9,1,635698.433,1193167.705,10.79120000,76.24120462,0.340,0.191,7.1,10.0,0.0,17.6,1457,2047,RTK FIXED
3.202,094238.80,10.48525300,76.44418700,10.48525300,76.44418708,658051.707,1159426.746,108.00,658051.584,1159426.775,96.9,1,635698.433,1193167.705,10.79120000,76.24120462,0.334,0.210,6.8,10.0,0.0,17.4,1398,2047,RTK FIXED
3.255,094238.80,10.48525300,76.44418700,10.48525300,76.44418705,658051.707,1159426.746,108.00,658051.633,1159426.763,96.9,1,635698.433,1193167.705,10.79120000,76.24120462,0.334,0.210,6.8,10.0,-0.5,17.8,1398,2047,RTK FIXED
3.302,094238.80,10.48525300,76.44418700,10.48525300,76.44418703,658051.707,1159426.746,108.00,658051.663,1159426.756,96.9,1,635698.433,1193167.705,10.79120000,76.24120462,0.334,0.210,6.8,10.0,0.5,17.6,1398,2047,RTK FIXED
3.355,094238.80,10.48525300,76.44418700,10.48525300,76.44418702,658051.707,1159426.746,108.00,658051.681,1159426.752,96.9,1,635698.433,1193167.705,10.79120000,76.24120462,0.334,0.210,6.8,10.0,-0.5,17.4,1398,2047,RTK FIXED
3.402,094239.00,10.48525300,76.44418700,10.48525300,76.44418701,658051.707,1159426.746,108.00,658051.691,1159426.750,62.1,1,635698.433,1193167.705,10.79120000,76.24120462,0.332,0.218,6.7,10.0,0.0,17.7,1372,2047,RTK FIXED
3.455,094239.00,10.48525300,76.44418700,10.48525300,76.44418701,658051.707,1159426.746,108.00,658051.698,1159426.748,62.1,1,635698.433,1193167.705,10.79120000,76.24120462,0.332,0.218,6.7,10.0,0.5,17.8,1372,2047,RTK FIXED
3.509,094239.00,10.48525300,76.44418700,10.48525300,76.44418700,658051.707,1159426.746,108.00,658051.701,1159426.747,62.1,1,635698.433,1193167.705,10.79120000,76.24120462,0.332,0.218,6.7,10.0,0.0,15.7,1372,2047,RTK FIXED
3.555,094239.00,10.48525300,76.44418700,10.48525300,76.44418700,658051.707,1159426.746,108.00,658051.704,1159426.747,62.1,1,635698.433,1193167.705,10.79120000,76.24120462,0.332,0.218,6.7,10.0,-0.5,17.9,1372,2047,RTK FIXED
3.610,094239.20,10.48525300,76.44418700,10.48525300,76.44418700,658051.491,1159426.792,108.00,658051.619,1159426.765,62.1,1,635698.433,1193167.705,10.79120000,76.24120462,0.332,0.218,6.7,10.0,0.0,17.9,1372,2047,RTK FIXED
3.655,094239.20,10.48525300,76.44418700,10.48525300,76.44418700,658051.491,1159426.792,108.00,658051.568,1159426.776,62.1,1,635698.433,1193167.705,10.79120000,76.24120462,0.332,0.218,6.7,10.0,0.0,18.1,1372,2047,RTK FIXED
3.710,094239.40,10.48525300,76.44418600,10.48525300,76.44418660,658051.382,1159426.792,108.00,658051.493,1159426.782,95.4,1,635698.433,1193167.705,10.79120000,76.24120462,0.344,0.174,7.4,10.0,0.5,17.5,1507,2047,RTK FIXED
3.756,094239.40,10.48525300,76.44418600,10.48525300,76.44418636,658051.382,1159426.792,108.00,658051.449,1159426.786,95.4,1,635698.433,1193167.705,10.79120000,76.24120462,0.344,0.174,7.4,10.0,-0.5,18.5,1507,2047,RTK FIXED
3.810,094239.40,10.48525300,76.44418600,10.48525300,76.44418622,658051.382,1159426.792,108.00,658051.422,1159426.788,95.4,1,635698.433,1193167.705,10.79120000,76.24120462,0.344,0.174,7.4,10.0,0.0,18.0,1507,2047,RTK FIXED
3.855,094239.40,10.48525300,76.44418600,10.48525300,76.44418613,658051.382,1159426.792,108.00,658051.406,1159426.790,95.4,1,635698.433,1193167.705,10.79120000,76.24120462,0.344,0.174,7.4,10.0,0.0,18.2,1507,2047,RTK FIXED
3.910,094239.40,10.48525300,76.44418600,10.48525300,76.44418608,658051.382,1159426.792,108.00,658051.396,1159426.790,95.4,1,635698.433,1193167.705,10.79120000,76.24120462,0.344,0.174,7.4,10.0,0.5,18.9,1507,2047,RTK FIXED
3.963,094239.40,10.48525300,76.44418600,10.48525300,76.44418605,658051.382,1159426.792,108.00,658051.390,1159426.791,95.4,1,635698.433,1193167.705,10.79120000,76.24120462,0.344,0.174,7.4,10.0,0.0,18.6,1507,2047,RTK FIXED
4.010,094239.60,10.48525300,76.44418600,10.48525300,76.44418603,658051.588,1159426.745,108.00,658051.469,1159426.772,95.4,1,635698.433,1193167.705,10.79120000,76.24120462,0.341,0.186,7.2,10.0,0.0,19.2,1472,2047,RTK FIXED
4.063,094239.60,10.48525300,76.44418600,10.48525300,76.44418602,658051.588,1159426.745,108.00,658051.517,1159426.761,95.4,1,635698.433,1193167.705,10.79120000,76.24120462,0.341,0.186,7.2,10.0,-0.5,20.2,1472,2047,RTK FIXED
4.110,094239.60,10.48525300,76.44418600,10.48525300,76.44418601,658051.588,1159426.745,108.00,658051.546,1159426.755,95.4,1,635698.433,1193167.705,10.79120000,76.24120462,0.341,0.186,7.2,10.0,0.0,20.0,1472,2047,RTK FIXED
4.164,094239.60,10.48525300,76.44418600,10.48525300,76.44418601,658051.588,1159426.745,108.00,658051.563,1159426.751,95.4,1,635698.433,1193167.705,10.79120000,76.24120462,0.341,0.186,7.2,10.0,0.0,17.9,1472,2047,RTK FIXED
4.210,094239.80,10.48525300,76.44418600,10.48525300,76.44418600,658051.588,1159426.745,108.00,658051.573,1159426.748,95.4,1,635698.433,1193167.705,10.79120000,76.24120462,0.339,0.192,7.1,10.0,0.0,18.9,1452,2047,RTK FIXED
4.264,094239.80,10.48525300,76.44418600,10.48525300,76.44418600,658051.588,1159426.745,108.00,658051.579,1159426.747,95.4,1,635698.433,1193167.705,10.79120000,76.24120462,0.339,0.192,7.1,10.0,0.5,19.0,1452,2047,RTK FIXED
4.309,094239.80,10.48525300,76.44418600,10.48525300,76.44418600,658051.588,1159426.745,108.00,658051.583,1159426.746,95.4,1,635698.433,1193167.705,10.79120000,76.24120462,0.339,0.192,7.1,10.0,-0.6,18.9,1452,2047,RTK FIXED
4.363,094239.80,10.48525300,76.44418600,10.48525300,76.44418600,658051.588,1159426.745,108.00,658051.585,1159426.746,95.4,1,635698.433,1193167.705,10.79120000,76.24120462,0.339,0.192,7.1,10.0,0.0,18.6,1452,2047,RTK FIXED
4.410,094240.00,10.48525300,76.44418500,10.48525300,76.44418560,658051.479,1159426.744,108.00,658051.543,1159426.745,95.4,1,635698.433,1193167.705,10.79120000,76.24120462,0.343,0.177,7.3,10.0,0.0,17.9,1498,2047,RTK FIXED
4.463,094240.00,10.48525300,76.44418500,10.48525300,76.44418536,658051.479,1159426.744,108.00,658051.517,1159426.745,95.4,1,635698.433,1193167.705,10.79120000,76.24120462,0.343,0.177,7.3,10.0,0.0,17.1,1498,2047,RTK FIXED
4.510,094240.00,10.48525300,76.44418500,10.48525300,76.44418522,658051.479,1159426.744,108.00,658051.502,1159426.745,95.4,1,635698.433,1193167.705,10.79120000,76.24120462,0.343,0.177,7.3,10.0,0.0,17.6,1498,2047,RTK FIXED
4.565,094240.00,10.48525300,76.44418500,10.48525300,76.44418513,658051.479,1159426.744,108.00,658051.493,1159426.744,95.4,1,635698.433,1193167.705,10.79120000,76.24120462,0.343,0.177,7.3,10.0,0.5,18.8,1498,2047,RTK FIXED
4.610,094240.20,10.48525200,76.44418500,10.48525260,76.44418508,658051.479,1159426.634,108.00,658051.487,1159426.700,95.4,1,635698.433,1193167.705,10.79120000,76.24120462,0.348,0.159,7.6,10.0,-0.5,18.0,1552,2047,RTK FIXED
4.663,094240.20,10.48525200,76.44418500,10.48525236,76.44418505,658051.479,1159426.634,108.00,658051.484,1159426.674,95.4,1,635698.433,1193167.705,10.79120000,76.24120462,0.348,0.159,7.6,10.0,0.5,17.9,1552,2047,RTK FIXED
4.718,094240.40,10.48525200,76.44418500,10.48525222,76.44418503,658051.479,1159426.634,108.00,658051.482,1159426.658,146.1,1,635698.433,1193167.705,10.79120000,76.24120462,0.332,-0.218,10.0,6.7,0.0,18.6,2002,1597,RTK FIXED
4.764,094240.40,10.48525200,76.44418500,10.48525213,76.44418502,658051.479,1159426.634,108.00,658051.481,1159426.648,146.1,1,635698.433,1193167.705,10.79120000,76.24120462,0.332,-0.218,10.0,6.7,-0.5,19.2,2047,1372,RTK FIXED
4.818,094240.40,10.48525200,76.44418500,10.48525208,76.44418501,658051.479,1159426.634,108.00,658051.480,1159426.642,146.1,1,635698.433,1193167.705,10.79120000,76.24120462,0.332,-0.218,10.0,6.7,0.0,18.0,2047,1372,RTK FIXED
4.864,094240.40,10.48525200,76.44418500,10.48525205,76.44418501,658051.479,1159426.634,108.00,658051.480,1159426.639,146.1,1,635698.433,1193167.705,10.79120000,76.24120462,0.332,-0.218,10.0,6.7,0.5,18.4,2047,1372,RTK FIXED
4.918,094240.40,10.48525200,76.44418500,10.48525203,76.44418500,658051.479,1159426.634,108.00,658051.480,1159426.637,146.1,1,635698.433,1193167.705,10.79120000,76.24120462,0.332,-0.218,10.0,6.7,0.0,16.7,2047,1372,RTK FIXED
4.964,094240.40,10.48525200,76.44418500,10.48525202,76.44418500,658051.479,1159426.634,108.00,658051.480,1159426.636,146.1,1,635698.433,1193167.705,10.79120000,76.24120462,0.332,-0.218,10.0,6.7,-0.5,16.8,2047,1372,RTK FIXED
5.019,094240.60,10.48525200,76.44418500,10.48525201,76.44418500,658051.756,1159426.788,108.00,658051.590,1159426.697,109.3,1,635698.433,1193167.705,10.79120000,76.24120462,0.361,0.080,8.8,10.0,0.0,14.6,1792,1822,RTK FIXED
5.064,094240.60,10.48525200,76.44418500,10.48525201,76.44418500,658051.756,1159426.788,108.00,658051.657,1159426.733,109.3,1,635698.433,1193167.705,10.79120000,76.24120462,0.361,0.080,8.8,10.0,0.0,13.7,1792,2047,RTK FIXED
5.118,094240.60,10.48525200,76.44418500,10.48525200,76.44418500,658051.756,1159426.788,108.00,658051.696,1159426.755,109.3,1,635698.433,1193167.705,10.79120000,76.24120462,0.361,0.080,8.8,10.0,0.5,13.4,1792,2047,RTK FIXED
5.165,094240.60,10.48525200,76.44418500,10.48525200,76.44418500,658051.756,1159426.788,108.00,658051.720,1159426.769,109.3,1,635698.433,1193167.705,10.79120000,76.24120462,0.361,0.080,8.8,10.0,0.0,13.5,1792,2047,RTK FIXED
5.219,094240.80,10.48525200,76.44418400,10.48525200,76.44418460,658051.458,1159426.650,108.00,658051.615,1159426.721,109.3,1,635698.433,1193167.705,10.79120000,76.24120462,0.364,0.051,9.2,10.0,-0.5,13.3,1882,2047,RTK FIXED
5.272,094240.80,10.48525200,76.44418400,10.48525200,76.44418436,658051.458,1159426.650,108.00,658051.552,1159426.693,109.3,1,635698.433,1193167.705,10.79120000,76.24120462,0.364,0.051,9.2,10.0,0.0,13.6,1882,2047,RTK FIXED
5.318,094240.80,10.48525200,76.44418400,10.48525200,76.44418422,658051.458,1159426.650,108.00,658051.514,1159426.676,109.3,1,635698.433,1193167.705,10.79120000,76.24120462,0.364,0.051,9.2,10.0,0.5,14.8,1882,2047,RTK FIXED
5.372,094240.80,10.48525200,76.44418400,10.48525200,76.44418413,658051.458,1159426.650,108.00,658051.492,1159426.665,109.3,1,635698.433,1193167.705,10.79120000,76.24120462,0.364,0.051,9.2,10.0,0.0,14.4,1882,2047,RTK FIXED
5.419,094241.00,10.48525200,76.44418400,10.48525200,76.44418408,658051.458,1159426.650,108.00,658051.478,1159426.659,138.5,1,635698.433,1193167.705,10.79120000,76.24120462,0.332,-0.218,10.0,6.7,0.0,16.8,2047,1597,RTK FIXED
5.473,094241.00,10.48525200,76.44418400,10.48525200,76.44418405,658051.458,1159426.650,108.00,658051.470,1159426.655,138.5,1,635698.433,1193167.705,10.79120000,76.24120462,0.332,-0.218,10.0,6.7,-0.5,16.8,2047,1372,RTK FIXED
5.519,094241.20,10.48525200,76.44418300,10.48525200,76.44418363,658051.506,1159426.749,108.00,658051.484,1159426.693,138.5,1,635698.433,1193167.705,10.79120000,76.24120462,0.332,-0.216,10.0,6.7,0.5,17.8,2047,1377,RTK FIXED
5.573,094241.20,10.48525200,76.44418300,10.48525200,76.44418338,658051.506,1159426.749,108.00,658051.493,1159426.715,138.5,1,635698.433,1193167.705,10.79120000,76.24120462,0.332,-0.216,10.0,6.7,0.0,16.4,2047,1377,RTK FIXED
5.619,094241.20,10.48525200,76.44418300,10.48525200,76.44418323,658051.506,1159426.749,108.00,658051.498,1159426.729,138.5,1,635698.433,1193167.705,10.79120000,76.24120462,0.332,-0.216,10.0,6.7,0.0,16.2,2047,1377,RTK FIXED
5.673,094241.20,10.48525200,76.44418300,10.48525200,76.44418314,658051.506,1159426.749,108.00,658051.501,1159426.737,138.5,1,635698.433,1193167.705,10.79120000,76.24120462,0.332,-0.216,10.0,6.7,0.0,14.8,2047,1377,RTK FIXED
5.719,094241.40,10.48525200,76.44418300,10.48525200,76.44418308,658051.506,1159426.749,108.00,658051.503,1159426.742,138.5,1,635698.433,1193167.705,10.79120000,76.24120462,0.333,-0.213,10.0,6.8,-0.5,15.1,2047,1387,RTK FIXED
5.773,094241.40,10.48525200,76.44418300,10.48525200,76.44418305,658051.506,1159426.749,108.00,658051.504,1159426.745,138.5,1,635698.433,1193167.705,10.79120000,76.24120462,0.333,-0.213,10.0,6.8,0.5,14.1,2047,1387,RTK FIXED
5.827,094241.40,10.48525200,76.44418300,10.48525200,76.44418303,658051.506,1159426.749,108.00,658051.505,1159426.747,138.5,1,635698.433,1193167.705,10.79120000,76.24120462,0.333,-0.213,10.0,6.8,0.0,11.6,2047,1387,RTK FIXED
5.873,094241.40,10.48525200,76.44418300,10.48525200,76.44418302,658051.506,1159426.749,108.00,658051.505,1159426.748,138.5,1,635698.433,1193167.705,10.79120000,76.24120462,0.333,-0.213,10.0,6.8,-0.5,12.9,2047,1387,RTK FIXED
5.927,094241.40,10.48525200,76.44418300,10.48525200,76.44418301,658051.506,1159426.749,108.00,658051.506,1159426.748,138.5,1,635698.433,1193167.705,10.79120000,76.24120462,0.333,-0.213,10.0,6.8,0.5,11.2,2047,1387,RTK FIXED
5.974,094241.40,10.48525200,76.44418300,10.48525200,76.44418301,658051.506,1159426.749,108.00,658051.506,1159426.749,138.5,1,635698.433,1193167.705,10.79120000,76.24120462,0.333,-0.213,10.0,6.8,-0.5,11.1,2047,1387,RTK FIXED
6.027,094241.60,10.48525200,76.44418300,10.48525200,76.44418300,658051.506,1159426.749,108.00,658051.506,1159426.749,138.5,1,635698.433,1193167.705,10.79120000,76.24120462,0.334,-0.212,10.0,6.8,0.0,11.3,2047,1393,RTK FIXED
6.074,094241.60,10.48525200,76.44418300,10.48525200,76.44418300,658051.506,1159426.749,108.00,658051.506,1159426.749,138.5,1,635698.433,1193167.705,10.79120000,76.24120462,0.334,-0.212,10.0,6.8,0.5,10.3,2047,1393,RTK FIXED
6.126,094241.60,10.48525200,76.44418300,10.48525200,76.44418300,658051.506,1159426.749,108.00,658051.506,1159426.749,138.5,1,635698.433,1193167.705,10.79120000,76.24120462,0.334,-0.212,10.0,6.8,0.0,10.9,2047,1393,RTK FIXED
6.175,094241.60,10.48525200,76.44418300,10.48525200,76.44418300,658051.506,1159426.749,108.00,658051.506,1159426.749,138.5,1,635698.433,1193167.705,10.79120000,76.24120462,0.334,-0.212,10.0,6.8,-0.5,8.4,2047,1393,RTK FIXED
6.227,094241.80,10.48525200,76.44418200,10.48525200,76.44418260,658051.396,1159426.749,108.00,658051.462,1159426.749,138.5,1,635698.433,1193167.705,10.79120000,76.24120462,0.332,-0.218,10.0,6.7,0.5,9.8,2047,1372,RTK FIXED
6.273,094241.80,10.48525200,76.44418200,10.48525200,76.44418236,658051.396,1159426.749,108.00,658051.436,1159426.749,138.5,1,635698.433,1193167.705,10.79120000,76.24120462,0.332,-0.218,10.0,6.7,0.0,10.3,2047,1372,RTK FIXED
6.327,094241.80,10.48525200,76.44418200,10.48525200,76.44418222,658051.396,1159426.749,108.00,658051.420,1159426.749,138.5,1,635698.433,1193167.705,10.79120000,76.24120462,0.332,-0.218,10.0,6.7,-0.5,9.8,2047,1372,RTK FIXED
6.381,094241.80,10.48525200,76.44418200,10.48525200,76.44418213,658051.396,1159426.749,108.00,658051.411,1159426.749,138.5,1,635698.433,1193167.705,10.79120000,76.24120462,0.332,-0.218,10.0,6.7,0.0,9.2,2047,1372,RTK FIXED
6.428,094242.00,10.48525200,76.44418200,10.48525200,76.44418208,658051.396,1159426.749,108.00,658051.405,1159426.749,138.1,1,635698.433,1193167.705,10.79120000,76.24120462,0.332,-0.218,10.0,6.7,0.0,9.7,2047,1372,RTK FIXED
6.482,094242.00,10.48525200,76.44418200,10.48525200,76.44418205,658051.396,1159426.749,108.00,658051.402,1159426.749,138.1,1,635698.433,1193167.705,10.79120000,76.24120462,0.332,-0.218,10.0,6.7,0.5,9.3,2047,1372,RTK FIXED
6.527,094242.00,10.48525200,76.44418200,10.48525200,76.44418203,658051.396,1159426.749,108.00,658051.399,1159426.749,138.1,1,635698.433,1193167.705,10.79120000,76.24120462,0.332,-0.218,10.0,6.7,-0.5,8.7,2047,1372,RTK FIXED
6.582,094242.00,10.48525200,76.44418200,10.48525200,76.44418202,658051.396,1159426.749,108.00,658051.398,1159426.749,138.1,1,635698.433,1193167.705,10.79120000,76.24120462,0.332,-0.218,10.0,6.7,0.5,8.8,2047,1372,RTK FIXED
6.628,094242.20,10.48525300,76.44418200,10.48525240,76.44418201,658051.394,1159426.857,108.00,658051.397,1159426.792,138.1,1,635698.433,1193167.705,10.79120000,76.24120462,0.332,-0.218,10.0,6.7,-0.5,8.6,2047,1372,RTK FIXED
6.683,094242.20,10.48525300,76.44418200,10.48525264,76.44418201,658051.394,1159426.857,108.00,658051.396,1159426.818,138.1,1,635698.433,1193167.705,10.79120000,76.24120462,0.332,-0.218,10.0,6.7,0.5,8.7,2047,1372,RTK FIXED
6.728,094242.40,10.48525300,76.44418200,10.48525278,76.44418200,658051.394,1159426.857,108.00,658051.395,1159426.834,138.1,1,635698.433,1193167.705,10.79120000,76.24120462,0.332,-0.218,10.0,6.7,0.0,7.7,2047,1372,RTK FIXED
6.782,094242.40,10.48525300,76.44418200,10.48525287,76.44418200,658051.394,1159426.857,108.00,658051.395,1159426.843,138.1,1,635698.433,1193167.705,10.79120000,76.24120462,0.332,-0.218,10.0,6.7,-0.5,8.4,2047,1372,RTK FIXED
6.828,094242.40,10.48525300,76.44418200,10.48525292,76.44418200,658051.394,1159426.857,108.00,658051.395,1159426.849,138.1,1,635698.433,1193167.705,10.79120000,76.24120462,0.332,-0.218,10.0,6.7,0.5,7.6,2047,1372,RTK FIXED
6.882,094242.40,10.48525300,76.44418200,10.48525295,76.44418200,658051.394,1159426.857,108.00,658051.394,1159426.852,138.1,1,635698.433,1193167.705,10.79120000,76.24120462,0.332,-0.218,10.0,6.7,-0.5,8.4,2047,1372,RTK FIXED
6.927,094242.40,10.48525300,76.44418200,10.48525297,76.44418200,658051.394,1159426.857,108.00,658051.394,1159426.854,138.1,1,635698.433,1193167.705,10.79120000,76.24120462,0.332,-0.218,10.0,6.7,0.0,7.6,2047,1372,RTK FIXED
6.982,094242.40,10.48525300,76.44418200,10.48525298,76.44418200,658051.394,1159426.857,108.00,658051.394,1159426.856,138.1,1,635698.433,1193167.705,10.79120000,76.24120462,0.332,-0.218,10.0,6.7,0.0,8.3,2047,1372,RTK FIXED
7.036,094242.60,10.48525300,76.44418100,10.48525299,76.44418160,658051.285,1159426.857,108.00,658051.351,1159426.856,135.8,1,635698.433,1193167.705,10.79120000,76.24120462,0.332,-0.218,10.0,6.7,0.5,7.3,2047,1372,RTK FIXED
7.082,094242.60,10.48525300,76.44418100,10.48525299,76.44418136,658051.285,1159426.857,108.00,658051.324,1159426.856,135.8,1,635698.433,1193167.705,10.79120000,76.24120462,0.332,-0.218,10.0,6.7,-0.5,7.7,2047,1372,RTK FIXED
7.135,094242.60,10.48525300,76.44418100,10.48525300,76.44418122,658051.285,1159426.857,108.00,658051.308,1159426.857,135.8,1,635698.433,1193167.705,10.79120000,76.24120462,0.332,-0.218,10.0,6.7,0.5,8.0,2047,1372,RTK FIXED
7.181,094242.60,10.48525300,76.44418100,10.48525300,76.44418113,658051.285,1159426.857,108.00,658051.299,1159426.857,135.8,1,635698.433,1193167.705,10.79120000,76.24120462,0.332,-0.218,10.0,6.7,0.0,7.6,2047,1372,RTK FIXED
7.236,094242.80,10.48525300,76.44418100,10.48525300,76.44418108,658051.275,1159426.847,108.00,658051.289,1159426.853,135.8,1,635698.433,1193167.705,10.79120000,76.24120462,0.332,-0.218,10.0,6.7,0.0,7.7,2047,1372,RTK FIXED
7.282,094242.80,10.48525300,76.44418100,10.48525300,76.44418105,658051.275,1159426.847,108.00,658051.283,1159426.850,135.8,1,635698.433,1193167.705,10.79120000,76.24120462,0.332,-0.218,10.0,6.7,0.0,7.7,2047,1372,RTK FIXED
7.336,094242.80,10.48525300,76.44418100,10.48525300,76.44418103,658051.275,1159426.847,108.00,658051.280,1159426.849,135.8,1,635698.433,1193167.705,10.79120000,76.24120462,0.332,-0.218,10.0,6.7,-0.5,7.9,2047,1372,RTK FIXED
7.382,094242.80,10.48525300,76.44418100,10.48525300,76.44418102,658051.275,1159426.847,108.00,658051.278,1159426.848,135.8,1,635698.433,1193167.705,10.79120000,76.24120462,0.332,-0.218,10.0,6.7,0.0,8.2,2047,1372,RTK FIXED
7.437,094243.00,10.48525300,76.44418100,10.48525300,76.44418101,658051.275,1159426.847,107.90,658051.276,1159426.847,135.8,1,635698.433,1193167.705,10.79120000,76.24120462,0.332,-0.218,10.0,6.7,0.0,7.2,2047,1372,RTK FIXED
7.482,094243.00,10.48525300,76.44418100,10.48525300,76.44418101,658051.275,1159426.847,107.90,658051.276,1159426.847,135.8,1,635698.433,1193167.705,10.79120000,76.24120462,0.332,-0.218,10.0,6.7,0.0,7.7,2047,1372,RTK FIXED
7.535,094243.00,10.48525300,76.44418100,10.48525300,76.44418100,658051.275,1159426.847,107.90,658051.275,1159426.847,135.8,1,635698.433,1193167.705,10.79120000,76.24120462,0.332,-0.218,10.0,6.7,0.5,7.5,2047,1372,RTK FIXED
7.590,094243.20,10.48525400,76.44418100,10.48525340,76.44418100,658051.274,1159426.957,107.90,658051.275,1159426.891,137.2,1,635698.433,1193167.705,10.79120000,76.24120462,0.332,-0.218,10.0,6.7,-0.5,7.7,2047,1372,RTK FIXED
7.636,094243.20,10.48525400,76.44418100,10.48525364,76.44418100,658051.274,1159426.957,107.90,658051.274,1159426.917,137.2,1,635698.433,1193167.705,10.79120000,76.24120462,0.332,-0.218,10.0,6.7,0.5,7.1,2047,1372,RTK FIXED
7.690,094243.20,10.48525400,76.44418100,10.48525378,76.44418100,658051.274,1159426.957,107.90,658051.274,1159426.933,137.2,1,635698.433,1193167.705,10.79120000,76.24120462,0.332,-0.218,10.0,6.7,-0.5,7.9,2047,1372,RTK FIXED
7.736,094243.20,10.48525400,76.44418100,10.48525387,76.44418100,658051.274,1159426.957,107.90,658051.274,1159426.943,137.2,1,635698.433,1193167.705,10.79120000,76.24120462,0.332,-0.218,10.0,6.7,0.5,8.1,2047,1372,RTK FIXED
7.790,094243.20,10.48525400,76.44418100,10.48525392,76.44418100,658051.274,1159426.957,107.90,658051.274,1159426.949,137.2,1,635698.433,1193167.705,10.79120000,76.24120462,0.332,-0.218,10.0,6.7,-0.5,7.5,2047,1372,RTK FIXED
7.837,094243.40,10.48525400,76.44418100,10.48525395,76.44418100,658051.280,1159426.963,107.90,658051.277,1159426.955,137.2,1,635698.433,1193167.705,10.79120000,76.24120462,0.332,-0.218,10.0,6.7,0.0,7.9,2047,1372,RTK FIXED
7.890,094243.40,10.48525400,76.44418100,10.48525397,76.44418100,658051.280,1159426.963,107.90,658051.278,1159426.958,137.2,1,635698.433,1193167.705,10.79120000,76.24120462,0.332,-0.218,10.0,6.7,0.0,7.5,2047,1372,RTK FIXED
7.937,094243.40,10.48525400,76.44418100,10.48525398,76.44418100,658051.280,1159426.963,107.90,658051.279,1159426.960,137.2,1,635698.433,1193167.705,10.79120000,76.24120462,0.332,-0.218,10.0,6.7,0.5,7.5,2047,1372,RTK FIXED
7.990,094243.40,10.48525400,76.44418100,10.48525399,76.44418100,658051.280,1159426.963,107.90,658051.280,1159426.962,137.2,1,635698.433,1193167.705,10.79120000,76.24120462,0.332,-0.218,10.0,6.7,-0.5,7.6,2047,1372,RTK FIXED
8.037,094243.40,10.48525400,76.44418100,10.48525399,76.44418100,658051.280,1159426.963,107.90,658051.280,1159426.962,137.2,1,635698.433,1193167.705,10.79120000,76.24120462,0.332,-0.218,10.0,6.7,0.0,8.0,2047,1372,RTK FIXED
8.091,094243.60,10.48525400,76.44418000,10.48525400,76.44418060,658051.171,1159426.963,108.00,658051.236,1159426.963,137.2,1,635698.433,1193167.705,10.79120000,76.24120462,0.332,-0.218,10.0,6.7,0.0,7.8,2047,1372,RTK FIXED
8.144,094243.60,10.48525400,76.44418000,10.48525400,76.44418036,658051.171,1159426.963,108.00,658051.210,1159426.963,137.2,1,635698.433,1193167.705,10.79120000,76.24120462,0.332,-0.218,10.0,6.7,0.5,8.4,2047,1372,RTK FIXED
8.191,094243.60,10.48525400,76.44418000,10.48525400,76.44418022,658051.171,1159426.963,108.00,658051.194,1159426.963,137.2,1,635698.433,1193167.705,10.79120000,76.24120462,0.332,-0.218,10.0,6.7,-0.5,7.6,2047,1372,RTK FIXED
8.244,094243.60,10.48525400,76.44418000,10.48525400,76.44418013,658051.171,1159426.963,108.00,658051.185,1159426.963,137.2,1,635698.433,1193167.705,10.79120000,76.24120462,0.332,-0.218,10.0,6.7,0.5,7.4,2047,1372,RTK FIXED
8.291,094243.80,10.48525500,76.44418000,10.48525440,76.44418008,658051.170,1159427.074,108.00,658051.179,1159427.007,134.4,1,635698.433,1193167.705,10.79120000,76.24120462,0.332,-0.218,10.0,6.7,-0.5,8.0,2047,1372,RTK FIXED
8.345,094243.80,10.48525500,76.44418000,10.48525464,76.44418005,658051.170,1159427.074,108.00,658051.176,1159427.034,134.4,1,635698.433,1193167.705,10.79120000,76.24120462,0.332,-0.218,10.0,6.7,0.5,7.9,2047,1372,RTK FIXED
8.390,094243.80,10.48525500,76.44418000,10.48525478,76.44418003,658051.170,1159427.074,108.00,658051.174,1159427.050,134.4,1,635698.433,1193167.705,10.79120000,76.24120462,0.332,-0.218,10.0,6.7,0.0,8.2,2047,1372,RTK FIXED
8.445,094243.80,10.48525500,76.44418000,10.48525487,76.44418002,658051.170,1159427.074,108.00,658051.172,1159427.059,134.4,1,635698.433,1193167.705,10.79120000,76.24120462,0.332,-0.218,10.0,6.7,0.0,7.4,2047,1372,RTK FIXED
8.491,094244.00,10.48525500,76.44418000,10.48525492,76.44418001,658051.157,1159427.061,107.90,658051.166,1159427.060,134.4,1,635698.433,1193167.705,10.79120000,76.24120462,0.332,-0.218,10.0,6.7,-0.5,8.4,2047,1372,RTK FIXED
8.544,094244.00,10.48525500,76.44418000,10.48525495,76.44418001,658051.157,1159427.061,107.90,658051.163,1159427.060,134.4,1,635698.433,1193167.705,10.79120000,76.24120462,0.332,-0.218,10.0,6.7,0.0,7.6,2047,1372,RTK FIXED
8.591,094244.00,10.48525500,76.44418000,10.48525497,76.44418000,658051.157,1159427.061,107.90,658051.160,1159427.060,134.4,1,635698.433,1193167.705,10.79120000,76.24120462,0.332,-0.218,10.0,6.7,0.5,8.5,2047,1372,RTK FIXED
8.645,094244.00,10.48525500,76.44418000,10.48525498,76.44418000,658051.157,1159427.061,107.90,658051.159,1159427.061,134.4,1,635698.433,1193167.705,10.79120000,76.24120462,0.332,-0.218,10.0,6.7,-0.5,7.4,2047,1372,RTK FIXED
8.691,094244.00,10.48525500,76.44418000,10.48525499,76.44418000,658051.157,1159427.061,107.90,658051.158,1159427.061,134.4,1,635698.433,1193167.705,10.79120000,76.24120462,0.332,-0.218,10.0,6.7,0.5,8.1,2047,1372,RTK FIXED
8.746,094244.20,10.48525500,76.44418000,10.48525499,76.44418000,658051.157,1159427.061,108.00,658051.158,1159427.061,134.4,1,635698.433,1193167.705,10.79120000,76.24120462,0.332,-0.218,10.0,6.7,0.0,7.8,2047,1372,RTK FIXED
8.798,094244.20,10.48525500,76.44418000,10.48525500,76.44418000,658051.157,1159427.061,108.00,658051.158,1159427.061,134.4,1,635698.433,1193167.705,10.79120000,76.24120462,0.332,-0.218,10.0,6.7,-0.5,8.1,2047,1372,RTK FIXED
8.845,094244.20,10.48525500,76.44418000,10.48525500,76.44418000,658051.157,1159427.061,108.00,658051.157,1159427.061,134.4,1,635698.433,1193167.705,10.79120000,76.24120462,0.332,-0.218,10.0,6.7,0.5,8.0,2047,1372,RTK FIXED
8.899,094244.20,10.48525500,76.44418000,10.48525500,76.44418000,658051.157,1159427.061,108.00,658051.157,1159427.061,134.4,1,635698.433,1193167.705,10.79120000,76.24120462,0.332,-0.218,10.0,6.7,-0.5,7.9,2047,1372,RTK FIXED
8.946,094244.40,10.48525600,76.44418000,10.48525540,76.44418000,658051.157,1159427.171,107.90,658051.157,1159427.105,128.2,1,635698.433,1193167.705,10.79120000,76.24120462,0.339,-0.194,10.0,7.1,0.5,7.9,2047,1448,RTK FIXED
8.999,094244.40,10.48525600,76.44418000,10.48525564,76.44418000,658051.157,1159427.171,107.90,658051.157,1159427.132,128.2,1,635698.433,1193167.705,10.79120000,76.24120462,0.339,-0.194,10.0,7.1,-0.5,7.6,2047,1448,RTK FIXED
9.046,094244.40,10.48525600,76.44418000,10.48525578,76.44418000,658051.157,1159427.171,107.90,658051.157,1159427.147,128.2,1,635698.433,1193167.705,10.79120000,76.24120462,0.339,-0.194,10.0,7.1,0.5,8.6,2047,1448,RTK FIXED
9.099,094244.40,10.48525600,76.44418000,10.48525587,76.44418000,658051.157,1159427.171,107.90,658051.157,1159427.157,128.2,1,635698.433,1193167.705,10.79120000,76.24120462,0.339,-0.194,10.0,7.1,-0.5,8.8,2047,1448,RTK FIXED
9.145,094244.40,10.48525600,76.44418000,10.48525592,76.44418000,658051.157,1159427.171,107.90,658051.157,1159427.163,128.2,1,635698.433,1193167.705,10.79120000,76.24120462,0.339,-0.194,10.0,7.1,0.5,8.7,2047,1448,RTK FIXED
9.200,094244.60,10.48525600,76.44418000,10.48525595,76.44418000,658051.126,1159427.146,108.00,658051.145,1159427.156,128.2,1,635698.433,1193167.705,10.79120000,76.24120462,0.339,-0.195,10.0,7.1,-0.5,8.3,2047,1444,RTK FIXED
9.246,094244.60,10.48525600,76.44418000,10.48525597,76.44418000,658051.126,1159427.146,108.00,658051.137,1159427.152,128.2,1,635698.433,1193167.705,10.79120000,76.24120462,0.339,-0.195,10.0,7.1,0.5,8.8,2047,1444,RTK FIXED
9.299,094244.60,10.48525600,76.44418000,10.48525598,76.44418000,658051.126,1159427.146,108.00,658051.133,1159427.150,128.2,1,635698.433,1193167.705,10.79120000,76.24120462,0.339,-0.195,10.0,7.1,-0.5,9.3,2047,1444,RTK FIXED
9.346,094244.60,10.48525600,76.44418000,10.48525599,76.44418000,658051.126,1159427.146,108.00,658051.130,1159427.148,128.2,1,635698.433,1193167.705,10.79120000,76.24120462,0.339,-0.195,10.0,7.1,0.5,8.6,2047,1444,RTK FIXED
9.400,094244.60,10.48525600,76.44418000,10.48525599,76.44418000,658051.126,1159427.146,108.00,658051.129,1159427.147,128.2,1,635698.433,1193167.705,10.79120000,76.24120462,0.339,-0.195,10.0,7.1,-0.5,8.8,2047,1444,RTK FIXED
9.454,094244.80,10.48525600,76.44418000,10.48525600,76.44418000,658051.126,1159427.146,108.00,658051.128,1159427.147,128.2,1,635698.433,1193167.705,10.79120000,76.24120462,0.338,-0.195,10.0,7.0,0.5,9.2,2047,1442,RTK FIXED
9.499,094244.80,10.48525600,76.44418000,10.48525600,76.44418000,658051.126,1159427.146,108.00,658051.127,1159427.146,128.2,1,635698.433,1193167.705,10.79120000,76.24120462,0.338,-0.195,10.0,7.0,-0.5,8.8,2047,1442,RTK FIXED
9.554,094244.80,10.48525600,76.44418000,10.48525600,76.44418000,658051.126,1159427.146,108.00,658051.127,1159427.146,128.2,1,635698.433,1193167.705,10.79120000,76.24120462,0.338,-0.195,10.0,7.0,0.5,9.3,2047,1442,RTK FIXED
9.601,094245.00,10.48525700,76.44418000,10.48525640,76.44418000,658051.126,1159427.257,108.00,658051.126,1159427.190,123.0,1,635698.433,1193167.705,10.79120000,76.24120462,0.352,-0.137,10.0,7.9,-0.5,8.5,2047,1620,RTK FIXED
9.653,094245.00,10.48525700,76.44418000,10.48525664,76.44418000,658051.126,1159427.257,108.00,658051.126,1159427.217,123.0,1,635698.433,1193167.705,10.79120000,76.24120462,0.352,-0.137,10.0,7.9,0.5,9.1,2047,1620,RTK FIXED
9.700,094245.00,10.48525700,76.44418000,10.48525678,76.44418000,658051.126,1159427.257,108.00,658051.126,1159427.233,123.0,1,635698.433,1193167.705,10.79120000,76.24120462,0.352,-0.137,10.0,7.9,-0.5,9.1,2047,1620,RTK FIXED
9.754,094245.00,10.48525700,76.44418000,10.48525687,76.44418000,658051.126,1159427.257,108.00,658051.126,1159427.242,123.0,1,635698.433,1193167.705,10.79120000,76.24120462,0.352,-0.137,10.0,7.9,0.0,9.7,2047,1620,RTK FIXED
9.800,094245.00,10.48525700,76.44418000,10.48525692,76.44418000,658051.126,1159427.257,108.00,658051.126,1159427.248,123.0,1,635698.433,1193167.705,10.79120000,76.24120462,0.352,-0.137,10.0,7.9,0.5,10.3,2047,1620,RTK FIXED
9.854,094245.20,10.48525700,76.44418000,10.48525695,76.44418000,658051.098,1159427.238,108.00,658051.115,1159427.244,123.0,1,635698.433,1193167.705,10.79120000,76.24120462,0.352,-0.136,10.0,7.9,-0.5,11.0,2047,1621,RTK FIXED
9.900,094245.20,10.48525700,76.44418000,10.48525697,76.44418000,658051.098,1159427.238,108.00,658051.108,1159427.241,123.0,1,635698.433,1193167.705,10.79120000,76.24120462,0.352,-0.136,10.0,7.9,0.5,11.0,2047,1621,RTK FIXED
9.954,094245.20,10.48525700,76.44418000,10.48525698,76.44418000,658051.098,1159427.238,108.00,658051.104,1159427.240,123.0,1,635698.433,1193167.705,10.79120000,76.24120462,0.352,-0.136,10.0,7.9,0.0,11.4,2047,1621,RTK FIXED
10.007,094245.20,10.48525700,76.44418000,10.48525699,76.44418000,658051.098,1159427.238,108.00,658051.102,1159427.239,123.0,1,635698.433,1193167.705,10.79120000,76.24120462,0.352,-0.136,10.0,7.9,-0.5,10.9,2047,1621,RTK FIXED
10.055,094245.20,10.48525700,76.44418000,10.48525699,76.44418000,658051.098,1159427.238,108.00,658051.100,1159427.239,123.0,1,635698.433,1193167.705,10.79120000,76.24120462,0.352,-0.136,10.0,7.9,0.5,12.2,2047,1621,RTK FIXED
10.108,094245.40,10.48525700,76.44418000,10.48525700,76.44418000,658051.098,1159427.238,108.00,658051.099,1159427.238,123.0,1,635698.433,1193167.705,10.79120000,76.24120462,0.353,-0.136,10.0,7.9,0.0,11.0,2047,1622,RTK FIXED
10.154,094245.40,10.48525700,76.44418000,10.48525700,76.44418000,658051.098,1159427.238,108.00,658051.099,1159427.238,123.0,1,635698.433,1193167.705,10.79120000,76.24120462,0.353,-0.136,10.0,7.9,-0.5,11.5,2047,1622,RTK FIXED
10.207,094245.40,10.48525700,76.44418000,10.48525700,76.44418000,658051.098,1159427.238,108.00,658051.098,1159427.238,123.0,1,635698.433,1193167.705,10.79120000,76.24120462,0.353,-0.136,10.0,7.9,0.5,11.8,2047,1622,RTK FIXED
10.254,094245.40,10.48525700,76.44418000,10.48525700,76.44418000,658051.098,1159427.238,108.00,658051.098,1159427.238,123.0,1,635698.433,1193167.705,10.79120000,76.24120462,0.353,-0.136,10.0,7.9,0.0,12.2,2047,1622,RTK FIXED
10.307,094245.40,10.48525700,76.44418000,10.48525700,76.44418000,658051.098,1159427.238,108.00,658051.098,1159427.238,123.0,1,635698.433,1193167.705,10.79120000,76.24120462,0.353,-0.136,10.0,7.9,-0.5,11.8,2047,1622,RTK FIXED
10.355,094245.60,10.48525700,76.44418000,10.48525700,76.44418000,658051.098,1159427.238,108.00,658051.098,1159427.238,123.0,1,635698.433,1193167.705,10.79120000,76.24120462,0.353,-0.136,10.0,7.9,0.0,12.6,2047,1622,RTK FIXED
10.409,094245.60,10.48525700,76.44418000,10.48525700,76.44418000,658051.098,1159427.238,108.00,658051.098,1159427.238,123.0,1,635698.433,1193167.705,10.79120000,76.24120462,0.353,-0.136,10.0,7.9,0.5,12.1,2047,1622,RTK FIXED
10.454,094245.60,10.48525700,76.44418000,10.48525700,76.44418000,658051.098,1159427.238,108.00,658051.098,1159427.238,123.0,1,635698.433,1193167.705,10.79120000,76.24120462,0.353,-0.136,10.0,7.9,-0.5,12.0,2047,1622,RTK FIXED
10.509,094245.80,10.48525800,76.44418000,10.48525740,76.44418000,658051.097,1159427.348,108.00,658051.098,1159427.282,118.7,1,635698.433,1193167.705,10.79120000,76.24120462,0.361,-0.084,10.0,8.7,0.0,12.0,2047,1779,RTK FIXED
10.554,094245.80,10.48525800,76.44418000,10.48525764,76.44418000,658051.097,1159427.348,108.00,658051.098,1159427.309,118.7,1,635698.433,1193167.705,10.79120000,76.24120462,0.361,-0.084,10.0,8.7,0.0,11.6,2047,1779,RTK FIXED
10.608,094245.80,10.48525800,76.44418000,10.48525778,76.44418000,658051.097,1159427.348,108.00,658051.098,1159427.325,118.7,1,635698.433,1193167.705,10.79120000,76.24120462,0.361,-0.084,10.0,8.7,0.5,12.0,2047,1779,RTK FIXED
10.661,094245.80,10.48525800,76.44418000,10.48525787,76.44418000,658051.097,1159427.348,108.00,658051.098,1159427.334,118.7,1,635698.433,1193167.705,10.79120000,76.24120462,0.361,-0.084,10.0,8.7,-0.5,12.3,2047,1779,RTK FIXED
10.709,094246.00,10.48525800,76.44418000,10.48525792,76.44418000,658051.073,1159427.335,108.00,658051.088,1159427.334,118.7,1,635698.433,1193167.705,10.79120000,76.24120462,0.361,-0.082,10.0,8.7,0.0,12.5,2047,1786,RTK FIXED
10.762,094246.00,10.48525800,76.44418000,10.48525795,76.44418000,658051.073,1159427.335,108.00,658051.082,1159427.335,118.7,1,635698.433,1193167.705,10.79120000,76.24120462,0.361,-0.082,10.0,8.7,0.5,13.3,2047,1786,RTK FIXED
10.809,094246.00,10.48525800,76.44418000,10.48525797,76.44418000,658051.073,1159427.335,108.00,658051.079,1159427.335,118.7,1,635698.433,1193167.705,10.79120000,76.24120462,0.361,-0.082,10.0,8.7,-0.5,12.8,2047,1786,RTK FIXED
10.862,094246.00,10.48525800,76.44418000,10.48525798,76.44418000,658051.073,1159427.335,108.00,658051.076,1159427.335,118.7,1,635698.433,1193167.705,10.79120000,76.24120462,0.361,-0.082,10.0,8.7,0.5,14.5,2047,1786,RTK FIXED
10.909,094246.20,10.48525800,76.44418000,10.48525799,76.44418000,658051.073,1159427.335,108.00,658051.075,1159427.335,118.7,1,635698.433,1193167.705,10.79120000,76.24120462,0.361,-0.081,10.0,8.7,0.0,13.3,2047,1789,RTK FIXED
10.963,094246.20,10.48525800,76.44418000,10.48525799,76.44418000,658051.073,1159427.335,108.00,658051.074,1159427.335,118.7,1,635698.433,1193167.705,10.79120000,76.24120462,0.361,-0.081,10.0,8.7,0.0,14.4,2047,1789,RTK FIXED
11.009,094246.20,10.48525800,76.44418000,10.48525800,76.44418000,658051.073,1159427.335,108.00,658051.074,1159427.335,118.7,1,635698.433,1193167.705,10.79120000,76.24120462,0.361,-0.081,10.0,8.7,0.0,13.6,2047,1789,RTK FIXED
11.063,094246.40,10.48525900,76.44418000,10.48525840,76.44418000,658051.073,1159427.445,108.00,658051.073,1159427.379,114.4,1,635698.433,1193167.705,10.79120000,76.24120462,0.365,-0.028,10.0,9.6,0.0,14.2,2047,1956,RTK FIXED
11.109,094246.40,10.48525900,76.44418000,10.48525864,76.44418000,658051.073,1159427.445,108.00,658051.073,1159427.406,114.4,1,635698.433,1193167.705,10.79120000,76.24120462,0.365,-0.028,10.0,9.6,-0.5,13.7,2047,1956,RTK FIXED
11.162,094246.40,10.48525900,76.44418000,10.48525878,76.44418000,658051.073,1159427.445,108.00,658051.073,1159427.422,114.4,1,635698.433,1193167.705,10.79120000,76.24120462,0.365,-0.028,10.0,9.6,0.0,13.7,2047,1956,RTK FIXED
11.217,094246.60,10.48525900,76.44418000,10.48525887,76.44418000,658051.047,1159427.434,107.90,658051.063,1159427.426,114.4,1,635698.433,1193167.705,10.79120000,76.24120462,0.366,-0.025,10.0,9.6,0.0,15.3,2047,1964,RTK FIXED
11.263,094246.60,10.48525900,76.44418000,10.48525892,76.44418000,658051.047,1159427.434,107.90,658051.057,1159427.429,114.4,1,635698.433,1193167.705,10.79120000,76.24120462,0.366,-0.025,10.0,9.6,0.5,15.9,2047,1964,RTK FIXED
11.317,094246.60,10.48525900,76.44418000,10.48525895,76.44418000,658051.047,1159427.434,107.90,658051.053,1159427.431,114.4,1,635698.433,1193167.705,10.79120000,76.24120462,0.366,-0.025,10.0,9.6,0.0,15.3,2047,1964,RTK FIXED
11.363,094246.60,10.48525900,76.44418000,10.48525897,76.44418000,658051.047,1159427.434,107.90,658051.051,1159427.432,114.4,1,635698.433,1193167.705,10.79120000,76.24120462,0.366,-0.025,10.0,9.6,0.0,16.7,2047,1964,RTK FIXED
11.417,094246.80,10.48525900,76.44418000,10.48525898,76.44418000,658051.047,1159427.434,107.90,658051.049,1159427.433,114.4,1,635698.433,1193167.705,10.79120000,76.24120462,0.366,-0.024,10.0,9.6,0.0,16.6,2047,1969,RTK FIXED
11.462,094246.80,10.48525900,76.44418000,10.48525899,76.44418000,658051.047,1159427.434,107.90,658051.048,1159427.433,114.4,1,635698.433,1193167.705,10.79120000,76.24120462,0.366,-0.024,10.0,9.6,-0.6,15.6,2047,1969,RTK FIXED
11.517,094246.80,10.48525900,76.44418000,10.48525899,76.44418000,658051.047,1159427.434,107.90,658051.048,1159427.433,114.4,1,635698.433,1193167.705,10.79120000,76.24120462,0.366,-0.024,10.0,9.6,0.0,16.8,2047,1969,RTK FIXED
11.564,094247.00,10.48526000,76.44418000,10.48525940,76.44418000,658051.047,1159427.544,107.90,658051.047,1159427.478,111.5,1,635698.433,1193167.705,10.79120000,76.24120462,0.366,0.017,9.7,10.0,0.0,16.1,1989,2047,RTK FIXED
11.617,094247.00,10.48526000,76.44418000,10.48525964,76.44418000,658051.047,1159427.544,107.90,658051.047,1159427.504,111.5,1,635698.433,1193167.705,10.79120000,76.24120462,0.366,0.017,9.7,10.0,0.0,16.8,1989,2047,RTK FIXED
11.664,094247.20,10.48526000,76.44418000,10.48525978,76.44418000,658051.029,1159427.537,107.90,658051.040,1159427.517,111.5,1,635698.433,1193167.705,10.79120000,76.24120462,0.366,0.022,9.6,10.0,0.5,16.1,1973,2047,RTK FIXED
11.717,094247.20,10.48526000,76.44418000,10.48525987,76.44418000,658051.029,1159427.537,107.90,658051.036,1159427.525,111.5,1,635698.433,1193167.705,10.79120000,76.24120462,0.366,0.022,9.6,10.0,0.0,16.8,1973,2047,RTK FIXED
11.763,094247.20,10.48526000,76.44418000,10.48525992,76.44418000,658051.029,1159427.537,107.90,658051.033,1159427.530,111.5,1,635698.433,1193167.705,10.79120000,76.24120462,0.366,0.022,9.6,10.0,-0.5,18.1,1973,2047,RTK FIXED
11.817,094247.20,10.48526000,76.44418000,10.48525995,76.44418000,658051.029,1159427.537,107.90,658051.032,1159427.533,111.5,1,635698.433,1193167.705,10.79120000,76.24120462,0.366,0.022,9.6,10.0,0.0,17.5,1973,2047,RTK FIXED
11.872,094247.40,10.48526000,76.44418000,10.48525997,76.44418000,658051.029,1159427.537,107.90,658051.031,1159427.535,111.5,1,635698.433,1193167.705,10.79120000,76.24120462,0.366,0.025,9.6,10.0,0.0,17.0,1964,2047,RTK FIXED
11.917,094247.40,10.48526000,76.44418000,10.48525998,76.44418000,658051.029,1159427.537,107.90,658051.030,1159427.536,111.5,1,635698.433,1193167.705,10.79120000,76.24120462,0.366,0.025,9.6,10.0,0.0,18.0,1964,2047,RTK FIXED
11.973,094247.40,10.48526000,76.44418000,10.48525999,76.44418000,658051.029,1159427.537,107.90,658051.030,1159427.536,111.5,1,635698.433,1193167.705,10.79120000,76.24120462,0.366,0.025,9.6,10.0,0.0,17.6,1964,2047,RTK FIXED
12.018,094247.60,10.48526100,76.44418000,10.48526039,76.44418000,658051.029,1159427.648,108.00,658051.029,1159427.581,108.3,1,635698.433,1193167.705,10.79120000,76.24120462,0.362,0.070,8.9,10.0,0.0,17.1,1824,2047,RTK FIXED
12.071,094247.60,10.48526100,76.44418000,10.48526064,76.44418000,658051.029,1159427.648,108.00,658051.029,1159427.608,108.3,1,635698.433,1193167.705,10.79120000,76.24120462,0.362,0.070,8.9,10.0,0.5,18.3,1824,2047,RTK FIXED
12.118,094247.60,10.48526100,76.44418000,10.48526078,76.44418000,658051.029,1159427.648,108.00,658051.029,1159427.624,108.3,1,635698.433,1193167.705,10.79120000,76.24120462,0.362,0.070,8.9,10.0,0.0,17.9,1824,2047,RTK FIXED
12.173,094247.60,10.48526100,76.44418000,10.48526087,76.44418000,658051.029,1159427.648,108.00,658051.029,1159427.633,108.3,1,635698.433,1193167.705,10.79120000,76.24120462,0.362,0.070,8.9,10.0,-0.5,17.7,1824,2047,RTK FIXED
12.218,094247.80,10.48526100,76.44418000,10.48526092,76.44418000,658051.009,1159427.641,108.00,658051.021,1159427.637,108.3,1,635698.433,1193167.705,10.79120000,76.24120462,0.362,0.075,8.8,10.0,0.5,16.6,1808,2047,RTK FIXED
12.271,094247.80,10.48526100,76.44418000,10.48526095,76.44418000,658051.009,1159427.641,108.00,658051.016,1159427.639,108.3,1,635698.433,1193167.705,10.79120000,76.24120462,0.362,0.075,8.8,10.0,0.0,18.3,1808,2047,RTK FIXED
12.317,094247.80,10.48526100,76.44418000,10.48526097,76.44418000,658051.009,1159427.641,108.00,658051.013,1159427.640,108.3,1,635698.433,1193167.705,10.79120000,76.24120462,0.362,0.075,8.8,10.0,-0.6,17.7,1808,2047,RTK FIXED
12.373,094247.80,10.48526100,76.44418000,10.48526098,76.44418000,658051.009,1159427.641,108.00,658051.012,1159427.640,108.3,1,635698.433,1193167.705,10.79120000,76.24120462,0.362,0.075,8.8,10.0,0.5,17.8,1808,2047,RTK FIXED
12.426,094248.00,10.48526200,76.44418000,10.48526139,76.44418000,658051.009,1159427.752,108.00,658051.011,1159427.685,105.8,1,635698.433,1193167.705,10.79120000,76.24120462,0.356,0.115,8.2,10.0,0.0,16.9,1686,2047,RTK FIXED
12.472,094248.00,10.48526200,76.44418000,10.48526163,76.44418000,658051.009,1159427.752,108.00,658051.010,1159427.712,105.8,1,635698.433,1193167.705,10.79120000,76.24120462,0.356,0.115,8.2,10.0,0.0,17.6,1686,2047,RTK FIXED
12.526,094248.00,10.48526200,76.44418000,10.48526178,76.44418000,658051.009,1159427.752,108.00,658051.009,1159427.728,105.8,1,635698.433,1193167.705,10.79120000,76.24120462,0.356,0.115,8.2,10.0,-0.5,18.1,1686,2047,RTK FIXED
12.572,094248.20,10.48526200,76.44418000,10.48526187,76.44418000,658050.993,1159427.748,108.00,658051.003,1159427.736,105.8,1,635698.433,1193167.705,10.79120000,76.24120462,0.355,0.122,8.1,10.0,0.0,17.7,1665,2047,RTK FIXED
12.626,094248.20,10.48526200,76.44418000,10.48526192,76.44418000,658050.993,1159427.748,108.00,658050.999,1159427.741,105.8,1,635698.433,1193167.705,10.79120000,76.24120462,0.355,0.122,8.1,10.0,0.0,18.2,1665,2047,RTK FIXED
12.671,094248.20,10.48526200,76.44418000,10.48526195,76.44418000,658050.993,1159427.748,108.00,658050.997,1159427.743,105.8,1,635698.433,1193167.705,10.79120000,76.24120462,0.355,0.122,8.1,10.0,0.0,17.6,1665,2047,RTK FIXED
12.726,094248.20,10.48526200,76.44418000,10.48526197,76.44418000,658050.993,1159427.748,108.00,658050.995,1159427.745,105.8,1,635698.433,1193167.705,10.79120000,76.24120462,0.355,0.122,8.1,10.0,0.5,17.7,1665,2047,RTK FIXED
12.773,094248.20,10.48526200,76.44418000,10.48526198,76.44418000,658050.993,1159427.748,108.00,658050.994,1159427.746,105.8,1,635698.433,1193167.705,10.79120000,76.24120462,0.355,0.122,8.1,10.0,-0.5,18.2,1665,2047,RTK FIXED
12.827,094248.40,10.48526200,76.44417900,10.48526199,76.44417960,658050.884,1159427.747,108.00,658050.950,1159427.747,115.0,1,635698.433,1193167.705,10.79120000,76.24120462,0.366,0.023,9.6,10.0,0.5,17.2,1970,2047,RTK FIXED
12.872,094248.40,10.48526200,76.44417900,10.48526199,76.44417936,658050.884,1159427.747,108.00,658050.924,1159427.747,115.0,1,635698.433,1193167.705,10.79120000,76.24120462,0.366,0.023,9.6,10.0,0.0,17.7,1970,2047,RTK FIXED
12.926,094248.40,10.48526200,76.44417900,10.48526200,76.44417922,658050.884,1159427.747,108.00,658050.908,1159427.747,115.0,1,635698.433,1193167.705,10.79120000,76.24120462,0.366,0.023,9.6,10.0,0.0,18.1,1970,2047,RTK FIXED
12.979,094248.40,10.48526200,76.44417900,10.48526200,76.44417913,658050.884,1159427.747,108.00,658050.898,1159427.747,115.0,1,635698.433,1193167.705,10.79120000,76.24120462,0.366,0.023,9.6,10.0,0.0,18.3,1970,2047,RTK FIXED
13.027,094248.60,10.48526300,76.44417900,10.48526240,76.44417908,658050.939,1159427.877,108.00,658050.914,1159427.799,115.0,1,635698.433,1193167.705,10.79120000,76.24120462,0.365,0.042,9.3,10.0,0.0,17.8,1912,2047,RTK FIXED
13.079,094248.60,10.48526300,76.44417900,10.48526264,76.44417905,658050.939,1159427.877,108.00,658050.924,1159427.830,115.0,1,635698.433,1193167.705,10.79120000,76.24120462,0.365,0.042,9.3,10.0,-0.5,18.6,1912,2047,RTK FIXED
13.126,094248.60,10.48526300,76.44417900,10.48526278,76.44417903,658050.939,1159427.877,108.00,658050.930,1159427.849,115.0,1,635698.433,1193167.705,10.79120000,76.24120462,0.365,0.042,9.3,10.0,0.5,17.8,1912,2047,RTK FIXED
13.180,094248.60,10.48526300,76.44417900,10.48526287,76.44417902,658050.939,1159427.877,108.00,658050.934,1159427.860,115.0,1,635698.433,1193167.705,10.79120000,76.24120462,0.365,0.042,9.3,10.0,-0.5,17.9,1912,2047,RTK FIXED
13.227,094248.80,10.48526300,76.44417900,10.48526292,76.44417901,658050.939,1159427.877,108.00,658050.936,1159427.867,109.5,1,635698.433,1193167.705,10.79120000,76.24120462,0.359,0.100,8.5,10.0,0.5,19.2,1731,2047,RTK FIXED
13.280,094248.80,10.48526300,76.44417900,10.48526295,76.44417901,658050.939,1159427.877,108.00,658050.937,1159427.871,109.5,1,635698.433,1193167.705,10.79120000,76.24120462,0.359,0.100,8.5,10.0,0.0,18.8,1731,2047,RTK FIXED
13.326,094248.80,10.48526300,76.44417900,10.48526297,76.44417900,658050.939,1159427.877,108.00,658050.938,1159427.873,109.5,1,635698.433,1193167.705,10.79120000,76.24120462,0.359,0.100,8.5,10.0,0.0,18.4,1731,2047,RTK FIXED
13.380,094248.80,10.48526300,76.44417900,10.48526298,76.44417900,658050.939,1159427.877,108.00,658050.938,1159427.875,109.5,1,635698.433,1193167.705,10.79120000,76.24120462,0.359,0.100,8.5,10.0,-0.5,18.6,1731,2047,RTK FIXED
13.427,094249.00,10.48526300,76.44417900,10.48526299,76.44417900,658050.906,1159427.864,108.00,658050.926,1159427.871,109.5,1,635698.433,1193167.705,10.79120000,76.24120462,0.359,0.098,8.5,10.0,0.0,18.1,1737,2047,RTK FIXED
13.480,094249.00,10.48526300,76.44417900,10.48526299,76.44417900,658050.906,1159427.864,108.00,658050.918,1159427.868,109.5,1,635698.433,1193167.705,10.79120000,76.24120462,0.359,0.098,8.5,10.0,0.5,18.8,1737,2047,RTK FIXED
13.535,094249.20,10.48526400,76.44417900,10.48526340,76.44417900,658050.906,1159427.975,108.00,658050.913,1159427.911,109.5,1,635698.433,1193167.705,10.79120000,76.24120462,0.357,0.112,8.3,10.0,0.0,18.3,1694,2047,RTK FIXED
13.581,094249.20,10.48526400,76.44417900,10.48526364,76.44417900,658050.906,1159427.975,108.00,658050.910,1159427.937,109.5,1,635698.433,1193167.705,10.79120000,76.24120462,0.357,0.112,8.3,10.0,-0.5,18.1,1694,2047,RTK FIXED
13.634,094249.20,10.48526400,76.44417900,10.48526378,76.44417900,658050.906,1159427.975,108.00,658050.908,1159427.952,109.5,1,635698.433,1193167.705,10.79120000,76.24120462,0.357,0.112,8.3,10.0,0.5,18.2,1694,2047,RTK FIXED
13.680,094249.20,10.48526400,76.44417900,10.48526387,76.44417900,658050.906,1159427.975,108.00,658050.907,1159427.961,109.5,1,635698.433,1193167.705,10.79120000,76.24120462,0.357,0.112,8.3,10.0,0.0,18.6,1694,2047,RTK FIXED
13.735,094249.20,10.48526400,76.44417900,10.48526392,76.44417900,658050.906,1159427.975,108.00,658050.907,1159427.967,109.5,1,635698.433,1193167.705,10.79120000,76.24120462,0.357,0.112,8.3,10.0,-0.5,17.8,1694,2047,RTK FIXED
13.781,094249.20,10.48526400,76.44417900,10.48526395,76.44417900,658050.906,1159427.975,108.00,658050.906,1159427.970,109.5,1,635698.433,1193167.705,10.79120000,76.24120462,0.357,0.112,8.3,10.0,0.0,19.0,1694,2047,RTK FIXED
13.835,094249.40,10.48526400,76.44417900,10.48526397,76.44417900,658050.906,1159427.975,108.00,658050.906,1159427.972,108.6,1,635698.433,1193167.705,10.79120000,76.24120462,0.354,0.128,8.0,10.0,0.5,17.4,1645,2047,RTK FIXED
13.881,094249.40,10.48526400,76.44417900,10.48526398,76.44417900,658050.906,1159427.975,108.00,658050.906,1159427.973,108.6,1,635698.433,1193167.705,10.79120000,76.24120462,0.354,0.128,8.0,10.0,0.0,18.2,1645,2047,RTK FIXED
13.934,094249.40,10.48526400,76.44417900,10.48526399,76.44417900,658050.906,1159427.975,108.00,658050.906,1159427.974,108.6,1,635698.433,1193167.705,10.79120000,76.24120462,0.354,0.128,8.0,10.0,0.0,17.8,1645,2047,RTK FIXED
13.982,094249.40,10.48526400,76.44417900,10.48526399,76.44417900,658050.906,1159427.975,108.00,658050.906,1159427.974,108.6,1,635698.433,1193167.705,10.79120000,76.24120462,0.354,0.128,8.0,10.0,0.0,18.3,1645,2047,RTK FIXED
14.035,094249.60,10.48526400,76.44417900,10.48526400,76.44417900,658050.900,1159427.973,108.00,658050.903,1159427.974,108.6,1,635698.433,1193167.705,10.79120000,76.24120462,0.353,0.132,8.0,10.0,0.0,17.3,1634,2047,RTK FIXED
14.089,094249.60,10.48526400,76.44417900,10.48526400,76.44417900,658050.900,1159427.973,108.00,658050.902,1159427.974,108.6,1,635698.433,1193167.705,10.79120000,76.24120462,0.353,0.132,8.0,10.0,-0.5,18.3,1634,2047,RTK FIXED
14.135,094249.60,10.48526400,76.44417900,10.48526400,76.44417900,658050.900,1159427.973,108.00,658050.901,1159427.974,108.6,1,635698.433,1193167.705,10.79120000,76.24120462,0.353,0.132,8.0,10.0,0.0,17.9,1634,2047,RTK FIXED
14.189,094249.60,10.48526400,76.44417900,10.48526400,76.44417900,658050.900,1159427.973,108.00,658050.901,1159427.973,108.6,1,635698.433,1193167.705,10.79120000,76.24120462,0.353,0.132,8.0,10.0,0.5,18.1,1634,2047,RTK FIXED
14.235,094249.80,10.48526400,76.44417800,10.48526400,76.44417860,658050.791,1159427.973,108.00,658050.857,1159427.973,108.6,1,635698.433,1193167.705,10.79120000,76.24120462,0.357,0.111,8.3,10.0,0.0,17.2,1697,2047,RTK FIXED
14.289,094249.80,10.48526400,76.44417800,10.48526400,76.44417836,658050.791,1159427.973,108.00,658050.830,1159427.973,108.6,1,635698.433,1193167.705,10.79120000,76.24120462,0.357,0.111,8.3,10.0,-0.5,18.1,1697,2047,RTK FIXED
14.334,094249.80,10.48526400,76.44417800,10.48526400,76.44417822,658050.791,1159427.973,108.00,658050.814,1159427.973,108.6,1,635698.433,1193167.705,10.79120000,76.24120462,0.357,0.111,8.3,10.0,0.0,17.8,1697,2047,RTK FIXED
14.389,094249.80,10.48526400,76.44417800,10.48526400,76.44417813,658050.791,1159427.973,108.00,658050.805,1159427.973,108.6,1,635698.433,1193167.705,10.79120000,76.24120462,0.357,0.111,8.3,10.0,0.0,17.3,1697,2047,RTK FIXED
14.436,094250.00,10.48526500,76.44417800,10.48526440,76.44417808,658050.790,1159428.083,108.00,658050.799,1159428.017,116.5,1,635698.433,1193167.705,10.79120000,76.24120462,0.365,0.045,9.3,10.0,0.0,18.2,1901,2047,RTK FIXED
14.489,094250.00,10.48526500,76.44417800,10.48526464,76.44417805,658050.790,1159428.083,108.00,658050.795,1159428.044,116.5,1,635698.433,1193167.705,10.79120000,76.24120462,0.365,0.045,9.3,10.0,0.5,17.3,1901,2047,RTK FIXED
14.535,094250.00,10.48526500,76.44417800,10.48526478,76.44417803,658050.790,1159428.083,108.00,658050.793,1159428.059,116.5,1,635698.433,1193167.705,10.79120000,76.24120462,0.365,0.045,9.3,10.0,-0.5,17.3,1901,2047,RTK FIXED
14.589,094250.00,10.48526500,76.44417800,10.48526487,76.44417802,658050.790,1159428.083,108.00,658050.792,1159428.069,116.5,1,635698.433,1193167.705,10.79120000,76.24120462,0.365,0.045,9.3,10.0,0.5,18.1,1901,2047,RTK FIXED
14.643,094250.20,10.48526500,76.44417800,10.48526492,76.44417801,658050.838,1159428.102,108.00,658050.810,1159428.082,116.5,1,635698.433,1193167.705,10.79120000,76.24120462,0.363,0.059,9.1,10.0,0.0,17.7,1857,2047,RTK FIXED
14.690,094250.20,10.48526500,76.44417800,10.48526495,76.44417801,658050.838,1159428.102,108.00,658050.821,1159428.090,116.5,1,635698.433,1193167.705,10.79120000,76.24120462,0.363,0.059,9.1,10.0,-0.5,17.8,1857,2047,RTK FIXED
14.743,094250.40,10.48526500,76.44417800,10.48526497,76.44417800,658050.838,1159428.102,108.00,658050.828,1159428.095,116.5,1,635698.433,1193167.705,10.79120000,76.24120462,0.363,0.067,8.9,10.0,0.0,17.7,1831,2047,RTK FIXED
14.790,094250.40,10.48526500,76.44417800,10.48526498,76.44417800,658050.838,1159428.102,108.00,658050.832,1159428.097,116.5,1,635698.433,1193167.705,10.79120000,76.24120462,0.363,0.067,8.9,10.0,0.5,17.8,1831,2047,RTK FIXED
14.843,094250.40,10.48526500,76.44417800,10.48526499,76.44417800,658050.838,1159428.102,108.00,658050.834,1159428.099,116.5,1,635698.433,1193167.705,10.79120000,76.24120462,0.363,0.067,8.9,10.0,0.0,18.1,1831,2047,RTK FIXED
14.890,094250.40,10.48526500,76.44417800,10.48526499,76.44417800,658050.838,1159428.102,108.00,658050.836,1159428.100,116.5,1,635698.433,1193167.705,10.79120000,76.24120462,0.363,0.067,8.9,10.0,0.0,18.4,1831,2047,RTK FIXED
14.943,094250.40,10.48526500,76.44417800,10.48526500,76.44417800,658050.838,1159428.102,108.00,658050.837,1159428.101,116.5,1,635698.433,1193167.705,10.79120000,76.24120462,0.363,0.067,8.9,10.0,0.0,17.6,1831,2047,RTK FIXED
14.990,094250.40,10.48526500,76.44417800,10.48526500,76.44417800,658050.838,1159428.102,108.00,658050.837,1159428.101,116.5,1,635698.433,1193167.705,10.79120000,76.24120462,0.363,0.067,8.9,10.0,0.0,17.8,1831,2047,RTK FIXED
15.044,094250.60,10.48526500,76.44417800,10.48526500,76.44417800,658050.838,1159428.102,108.00,658050.837,1159428.101,116.5,1,635698.433,1193167.705,10.79120000,76.24120462,0.362,0.073,8.9,10.0,0.0,17.9,1815,2047,RTK FIXED
15.089,094250.60,10.48526500,76.44417800,10.48526500,76.44417800,658050.838,1159428.102,108.00,658050.838,1159428.101,116.5,1,635698.433,1193167.705,10.79120000,76.24120462,0.362,0.073,8.9,10.0,0.0,17.7,1815,2047,RTK FIXED
15.143,094250.60,10.48526500,76.44417800,10.48526500,76.44417800,658050.838,1159428.102,108.00,658050.838,1159428.102,116.5,1,635698.433,1193167.705,10.79120000,76.24120462,0.362,0.073,8.9,10.0,0.0,17.6,1815,2047,RTK FIXED
15.198,094250.80,10.48526600,76.44417700,10.48526540,76.44417760,658050.728,1159428.212,108.00,658050.794,1159428.146,113.8,1,635698.433,1193167.705,10.79120000,76.24120462,0.360,0.092,8.6,10.0,0.0,15.9,1756,2047,RTK FIXED
15.244,094250.80,10.48526600,76.44417700,10.48526564,76.44417736,658050.728,1159428.212,108.00,658050.767,1159428.172,113.8,1,635698.433,1193167.705,10.79120000,76.24120462,0.360,0.092,8.6,10.0,0.0,18.0,1756,2047,RTK FIXED
15.298,094250.80,10.48526600,76.44417700,10.48526578,76.44417722,658050.728,1159428.212,108.00,658050.752,1159428.188,113.8,1,635698.433,1193167.705,10.79120000,76.24120462,0.360,0.092,8.6,10.0,-0.5,17.6,1756,2047,RTK FIXED
15.343,094250.80,10.48526600,76.44417700,10.48526587,76.44417713,658050.728,1159428.212,108.00,658050.742,1159428.198,113.8,1,635698.433,1193167.705,10.79120000,76.24120462,0.360,0.092,8.6,10.0,0.6,18.3,1756,2047,RTK FIXED
15.398,094251.00,10.48526600,76.44417700,10.48526592,76.44417708,658050.712,1159428.205,108.00,658050.730,1159428.200,113.8,1,635698.433,1193167.705,10.79120000,76.24120462,0.361,0.085,8.7,10.0,0.0,17.7,1778,2047,RTK FIXED
15.444,094251.00,10.48526600,76.44417700,10.48526595,76.44417705,658050.712,1159428.205,108.00,658050.723,1159428.202,113.8,1,635698.433,1193167.705,10.79120000,76.24120462,0.361,0.085,8.7,10.0,0.0,17.6,1778,2047,RTK FIXED
15.498,094251.00,10.48526600,76.44417700,10.48526597,76.44417703,658050.712,1159428.205,108.00,658050.718,1159428.203,113.8,1,635698.433,1193167.705,10.79120000,76.24120462,0.361,0.085,8.7,10.0,0.0,18.1,1778,2047,RTK FIXED
15.543,094251.00,10.48526600,76.44417700,10.48526598,76.44417702,658050.712,1159428.205,108.00,658050.716,1159428.204,113.8,1,635698.433,1193167.705,10.79120000,76.24120462,0.361,0.085,8.7,10.0,-0.6,17.6,1778,2047,RTK FIXED
15.598,094251.20,10.48526600,76.44417700,10.48526599,76.44417701,658050.712,1159428.205,108.00,658050.714,1159428.204,113.8,1,635698.433,1193167.705,10.79120000,76.24120462,0.361,0.080,8.7,10.0,0.5,18.1,1791,2047,RTK FIXED
15.643,094251.20,10.48526600,76.44417700,10.48526599,76.44417701,658050.712,1159428.205,108.00,658050.713,1159428.204,113.8,1,635698.433,1193167.705,10.79120000,76.24120462,0.361,0.080,8.7,10.0,0.0,17.8,1791,2047,RTK FIXED
15.697,094251.20,10.48526600,76.44417700,10.48526600,76.44417700,658050.712,1159428.205,108.00,658050.713,1159428.205,113.8,1,635698.433,1193167.705,10.79120000,76.24120462,0.361,0.080,8.7,10.0,0.0,17.6,1791,2047,RTK FIXED
15.744,094251.20,10.48526600,76.44417700,10.48526600,76.44417700,658050.712,1159428.205,108.00,658050.712,1159428.205,113.8,1,635698.433,1193167.705,10.79120000,76.24120462,0.361,0.080,8.7,10.0,-0.5,18.3,1791,2047,RTK FIXED
15.799,094251.40,10.48526600,76.44417700,10.48526600,76.44417700,658050.712,1159428.205,108.00,658050.712,1159428.205,121.3,1,635698.433,1193167.705,10.79120000,76.24120462,0.366,0.012,9.8,10.0,0.0,18.2,2007,2047,RTK FIXED
15.851,094251.40,10.48526600,76.44417700,10.48526600,76.44417700,658050.712,1159428.205,108.00,658050.712,1159428.205,121.3,1,635698.433,1193167.705,10.79120000,76.24120462,0.366,0.012,9.8,10.0,0.5,17.6,2007,2047,RTK FIXED
15.899,094251.60,10.48526700,76.44417600,10.48526640,76.44417660,658050.645,1159428.336,108.00,658050.685,1159428.257,121.3,1,635698.433,1193167.705,10.79120000,76.24120462,0.366,0.015,9.8,10.0,-0.5,18.0,1998,2047,RTK FIXED
15.951,094251.60,10.48526700,76.44417600,10.48526664,76.44417636,658050.645,1159428.336,108.00,658050.669,1159428.289,121.3,1,635698.433,1193167.705,10.79120000,76.24120462,0.366,0.015,9.8,10.0,0.5,18.0,1998,2047,RTK FIXED
15.999,094251.60,10.48526700,76.44417600,10.48526678,76.44417622,658050.645,1159428.336,108.00,658050.660,1159428.308,121.3,1,635698.433,1193167.705,10.79120000,76.24120462,0.366,0.015,9.8,10.0,0.0,18.9,1998,2047,RTK FIXED
16.052,094251.60,10.48526700,76.44417600,10.48526687,76.44417613,658050.645,1159428.336,108.00,658050.654,1159428.319,121.3,1,635698.433,1193167.705,10.79120000,76.24120462,0.366,0.015,9.8,10.0,0.0,18.3,1998,2047,RTK FIXED
16.098,094251.60,10.48526700,76.44417600,10.48526692,76.44417608,658050.645,1159428.336,108.00,658050.651,1159428.326,121.3,1,635698.433,1193167.705,10.79120000,76.24120462,0.366,0.015,9.8,10.0,0.0,18.6,1998,2047,RTK FIXED
16.152,094251.60,10.48526700,76.44417600,10.48526695,76.44417605,658050.645,1159428.336,108.00,658050.648,1159428.330,121.3,1,635698.433,1193167.705,10.79120000,76.24120462,0.366,0.015,9.8,10.0,-0.5,19.3,1998,2047,RTK FIXED
16.207,094251.80,10.48526700,76.44417600,10.48526697,76.44417603,658050.645,1159428.336,108.00,658050.647,1159428.332,120.8,1,635698.433,1193167.705,10.79120000,76.24120462,0.366,0.021,9.7,10.0,0.5,18.9,1979,2047,RTK FIXED
16.252,094251.80,10.48526700,76.44417600,10.48526698,76.44417602,658050.645,1159428.336,108.00,658050.646,1159428.334,120.8,1,635698.433,1193167.705,10.79120000,76.24120462,0.366,0.021,9.7,10.0,0.0,19.7,1979,2047,RTK FIXED
16.306,094251.80,10.48526700,76.44417600,10.48526699,76.44417601,658050.645,1159428.336,108.00,658050.646,1159428.335,120.8,1,635698.433,1193167.705,10.79120000,76.24120462,0.366,0.021,9.7,10.0,0.0,19.4,1979,2047,RTK FIXED
16.352,094251.80,10.48526700,76.44417600,10.48526699,76.44417601,658050.645,1159428.336,108.00,658050.646,1159428.335,120.8,1,635698.433,1193167.705,10.79120000,76.24120462,0.366,0.021,9.7,10.0,0.0,19.1,1979,2047,RTK FIXED
16.407,094252.00,10.48526700,76.44417600,10.48526700,76.44417600,658050.643,1159428.335,108.00,658050.645,1159428.335,120.8,1,635698.433,1193167.705,10.79120000,76.24120462,0.366,0.021,9.7,10.0,-0.5,18.3,1978,2047,RTK FIXED
16.453,094252.00,10.48526700,76.44417600,10.48526700,76.44417600,658050.643,1159428.335,108.00,658050.644,1159428.335,120.8,1,635698.433,1193167.705,10.79120000,76.24120462,0.366,0.021,9.7,10.0,0.0,19.2,1978,2047,RTK FIXED
16.507,094252.20,10.48526800,76.44417600,10.48526740,76.44417600,658050.642,1159428.445,108.00,658050.643,1159428.379,120.8,1,635698.433,1193167.705,10.79120000,76.24120462,0.365,0.036,9.4,10.0,0.5,18.4,1929,2047,RTK FIXED
16.553,094252.20,10.48526800,76.44417600,10.48526764,76.44417600,658050.642,1159428.445,108.00,658050.643,1159428.405,120.8,1,635698.433,1193167.705,10.79120000,76.24120462,0.365,0.036,9.4,10.0,-0.5,17.6,1929,2047,RTK FIXED
16.607,094252.20,10.48526800,76.44417600,10.48526778,76.44417600,658050.642,1159428.445,108.00,658050.643,1159428.421,120.8,1,635698.433,1193167.705,10.79120000,76.24120462,0.365,0.036,9.4,10.0,0.5,19.0,1929,2047,RTK FIXED
16.653,094252.20,10.48526800,76.44417600,10.48526787,76.44417600,658050.642,1159428.445,108.00,658050.643,1159428.431,120.8,1,635698.433,1193167.705,10.79120000,76.24120462,0.365,0.036,9.4,10.0,-0.5,18.5,1929,2047,RTK FIXED
16.707,094252.20,10.48526800,76.44417600,10.48526792,76.44417600,658050.642,1159428.445,108.00,658050.642,1159428.437,120.8,1,635698.433,1193167.705,10.79120000,76.24120462,0.365,0.036,9.4,10.0,0.0,18.5,1929,2047,RTK FIXED
16.761,094252.20,10.48526800,76.44417600,10.48526795,76.44417600,658050.642,1159428.445,108.00,658050.642,1159428.440,120.8,1,635698.433,1193167.705,10.79120000,76.24120462,0.365,0.036,9.4,10.0,0.0,17.6,1929,2047,RTK FIXED
16.807,094252.40,10.48526800,76.44417600,10.48526797,76.44417600,658050.642,1159428.445,108.00,658050.642,1159428.442,115.5,1,635698.433,1193167.705,10.79120000,76.24120462,0.360,0.092,8.6,10.0,0.5,18.7,1757,2047,RTK FIXED
16.860,094252.40,10.48526800,76.44417600,10.48526798,76.44417600,658050.642,1159428.445,108.00,658050.642,1159428.443,115.5,1,635698.433,1193167.705,10.79120000,76.24120462,0.360,0.092,8.6,10.0,0.0,18.5,1757,2047,RTK FIXED
16.907,094252.40,10.48526800,76.44417600,10.48526799,76.44417600,658050.642,1159428.445,108.00,658050.642,1159428.444,115.5,1,635698.433,1193167.705,10.79120000,76.24120462,0.360,0.092,8.6,10.0,-0.5,18.1,1757,2047,RTK FIXED
16.961,094252.40,10.48526800,76.44417600,10.48526799,76.44417600,658050.642,1159428.445,108.00,658050.642,1159428.445,115.5,1,635698.433,1193167.705,10.79120000,76.24120462,0.360,0.092,8.6,10.0,0.5,18.6,1757,2047,RTK FIXED
17.007,094252.60,10.48526800,76.44417500,10.48526800,76.44417560,658050.502,1159428.429,108.00,658050.586,1159428.438,115.5,1,635698.433,1193167.705,10.79120000,76.24120462,0.363,0.066,9.0,10.0,0.0,18.2,1836,2047,RTK FIXED
17.061,094252.60,10.48526800,76.44417500,10.48526800,76.44417536,658050.502,1159428.429,108.00,658050.553,1159428.435,115.5,1,635698.433,1193167.705,10.79120000,76.24120462,0.363,0.066,9.0,10.0,-0.5,18.8,1836,2047,RTK FIXED
17.093,094252.60,10.48526800,76.44417500,10.48526800,76.44417522,658050.502,1159428.429,108.00,658050.533,1159428.433,115.5,1,635698.433,1193167.705,10.79120000,76.24120462,0.363,0.066,0.0,0.0,0.8,18.4,0,0,RTK FIXED
17.140,094252.60,10.48526800,76.44417500,10.48526800,76.44417513,658050.502,1159428.429,108.00,658050.520,1159428.431,115.5,1,635698.433,1193167.705,10.79120000,76.24120462,0.363,0.066,0.0,0.0,0.0,17.6,0,0,RTK FIXED
17.187,094252.80,10.48526800,76.44417500,10.48526800,76.44417508,658050.502,1159428.429,108.00,658050.513,1159428.431,130.9,1,635698.433,1193167.705,10.79120000,76.24120462,0.361,-0.083,0.0,0.0,0.0,16.6,0,0,RTK FIXED
17.240,094252.80,10.48526800,76.44417500,10.48526800,76.44417505,658050.502,1159428.429,108.00,658050.509,1159428.430,130.9,1,635698.433,1193167.705,10.79120000,76.24120462,0.361,-0.083,0.0,0.0,0.0,15.5,0,0,RTK FIXED
17.294,094252.80,10.48526800,76.44417500,10.48526800,76.44417503,658050.502,1159428.429,108.00,658050.506,1159428.430,130.9,1,635698.433,1193167.705,10.79120000,76.24120462,0.361,-0.083,0.0,0.0,-0.5,14.3,0,0,RTK FIXED
17.340,094252.80,10.48526800,76.44417500,10.48526800,76.44417502,658050.502,1159428.429,108.00,658050.505,1159428.430,130.9,1,635698.433,1193167.705,10.79120000,76.24120462,0.361,-0.083,0.0,0.0,0.0,12.5,0,0,RTK FIXED
17.395,094253.00,10.48526900,76.44417500,10.48526840,76.44417501,658050.586,1159428.592,108.00,658050.537,1159428.494,130.9,1,635698.433,1193167.705,10.79120000,76.24120462,0.364,-0.053,0.0,0.0,0.5,11.5,0,0,RTK FIXED
17.440,094253.00,10.48526900,76.44417500,10.48526864,76.44417501,658050.586,1159428.592,108.00,658050.557,1159428.533,130.9,1,635698.433,1193167.705,10.79120000,76.24120462,0.364,-0.053,0.0,0.0,0.0,9.9,0,0,RTK FIXED
17.494,094253.00,10.48526900,76.44417500,10.48526878,76.44417500,658050.586,1159428.592,108.00,658050.568,1159428.557,130.9,1,635698.433,1193167.705,10.79120000,76.24120462,0.364,-0.053,0.0,0.0,-0.5,8.8,0,0,RTK FIXED
17.540,094253.00,10.48526900,76.44417500,10.48526887,76.44417500,658050.586,1159428.592,108.00,658050.575,1159428.571,130.9,1,635698.433,1193167.705,10.79120000,76.24120462,0.364,-0.053,0.0,0.0,0.5,8.1,0,0,RTK FIXED
17.595,094253.20,10.48526900,76.44417500,10.48526892,76.44417500,658050.586,1159428.592,108.00,658050.579,1159428.579,115.6,1,635698.433,1193167.705,10.79120000,76.24120462,0.359,0.098,0.0,0.0,0.0,6.4,0,0,RTK FIXED
17.641,094253.20,10.48526900,76.44417500,10.48526895,76.44417500,658050.586,1159428.592,108.00,658050.582,1159428.584,115.6,1,635698.433,1193167.705,10.79120000,76.24120462,0.359,0.098,0.0,0.0,0.0,6.0,0,0,RTK FIXED
17.695,094253.40,10.48526900,76.44417500,10.48526897,76.44417500,658050.502,1159428.540,108.00,658050.550,1159428.567,115.6,1,635698.433,1193167.705,10.79120000,76.24120462,0.361,0.085,0.0,0.0,-0.5,5.1,0,0,RTK FIXED
17.741,094253.40,10.48526900,76.44417500,10.48526898,76.44417500,658050.502,1159428.540,108.00,658050.531,1159428.556,115.6,1,635698.433,1193167.705,10.79120000,76.24120462,0.361,0.085,0.0,0.0,0.5,4.4,0,0,RTK FIXED
17.795,094253.40,10.48526900,76.44417500,10.48526899,76.44417500,658050.502,1159428.540,108.00,658050.520,1159428.550,115.6,1,635698.433,1193167.705,10.79120000,76.24120462,0.361,0.085,0.0,0.0,0.0,3.2,0,0,RTK FIXED
17.840,094253.40,10.48526900,76.44417500,10.48526899,76.44417500,658050.502,1159428.540,108.00,658050.513,1159428.546,115.6,1,635698.433,1193167.705,10.79120000,76.24120462,0.361,0.085,0.0,0.0,0.0,3.3,0,0,RTK FIXED
17.895,094253.60,10.48526900,76.44417500,10.48526900,76.44417500,658050.502,1159428.540,108.00,658050.509,1159428.544,115.6,1,635698.433,1193167.705,10.79120000,76.24120462,0.362,0.077,0.0,0.0,0.0,1.8,0,0,RTK FIXED
17.949,094253.60,10.48526900,76.44417500,10.48526900,76.44417500,658050.502,1159428.540,108.00,658050.506,1159428.542,115.6,1,635698.433,1193167.705,10.79120000,76.24120462,0.362,0.077,0.0,0.0,-0.5,0.9,0,0,RTK FIXED
17.995,094253.60,10.48526900,76.44417500,10.48526900,76.44417500,658050.502,1159428.540,108.00,658050.505,1159428.541,115.6,1,635698.433,1193167.705,10.79120000,76.24120462,0.362,0.077,0.0,0.0,0.5,1.1,0,0,RTK FIXED
18.049,094253.60,10.48526900,76.44417500,10.48526900,76.44417500,658050.502,1159428.540,108.00,658050.504,1159428.541,115.6,1,635698.433,1193167.705,10.79120000,76.24120462,0.362,0.077,0.0,0.0,0.0,0.0,0,0,RTK FIXED
18.095,094253.60,10.48526900,76.44417500,10.48526900,76.44417500,658050.502,1159428.540,108.00,658050.503,1159428.541,115.6,1,635698.433,1193167.705,10.79120000,76.24120462,0.362,0.077,0.0,0.0,0.0,0.0,0,0,RTK FIXED
18.149,094253.60,10.48526900,76.44417500,10.48526900,76.44417500,658050.502,1159428.540,108.00,658050.503,1159428.541,115.6,1,635698.433,1193167.705,10.79120000,76.24120462,0.362,0.077,0.0,0.0,-0.5,-0.5,0,0,RTK FIXED
18.195,094253.80,10.48526900,76.44417500,10.48526900,76.44417500,658050.502,1159428.540,108.00,658050.503,1159428.540,115.6,1,635698.433,1193167.705,10.79120000,76.24120462,0.362,0.072,0.0,0.0,0.0,0.0,0,0,RTK FIXED
18.249,094253.80,10.48526900,76.44417500,10.48526900,76.44417500,658050.502,1159428.540,108.00,658050.503,1159428.540,115.6,1,635698.433,1193167.705,10.79120000,76.24120462,0.362,0.072,0.0,0.0,0.0,0.0,0,0,RTK FIXED
18.295,094253.80,10.48526900,76.44417500,10.48526900,76.44417500,658050.502,1159428.540,108.00,658050.502,1159428.540,115.6,1,635698.433,1193167.705,10.79120000,76.24120462,0.362,0.072,0.0,0.0,0.0,0.0,0,0,RTK FIXED
18.350,094253.80,10.48526900,76.44417500,10.48526900,76.44417500,658050.502,1159428.540,108.00,658050.502,1159428.540,115.6,1,635698.433,1193167.705,10.79120000,76.24120462,0.362,0.072,0.0,0.0,0.0,0.0,0,0,RTK FIXED
18.396,094254.00,10.48526900,76.44417500,10.48526900,76.44417500,658050.502,1159428.540,108.00,658050.502,1159428.540,115.6,1,635698.433,1193167.705,10.79120000,76.24120462,0.363,0.069,0.0,0.0,0.0,0.0,0,0,RTK FIXED
18.449,094254.00,10.48526900,76.44417500,10.48526900,76.44417500,658050.502,1159428.540,108.00,658050.502,1159428.540,115.6,1,635698.433,1193167.705,10.79120000,76.24120462,0.363,0.069,0.0,0.0,0.0,0.0,0,0,RTK FIXED
18.503,094254.00,10.48526900,76.44417500,10.48526900,76.44417500,658050.502,1159428.540,108.00,658050.502,1159428.540,115.6,1,635698.433,1193167.705,10.79120000,76.24120462,0.363,0.069,0.0,0.0,0.0,0.0,0,0,RTK FIXED
18.549,094254.00,10.48526900,76.44417500,10.48526900,76.44417500,658050.502,1159428.540,108.00,658050.502,1159428.540,115.6,1,635698.433,1193167.705,10.79120000,76.24120462,0.363,0.069,0.0,0.0,0.0,0.0,0,0,RTK FIXED
18.603,094254.20,10.48526900,76.44417500,10.48526900,76.44417500,658050.502,1159428.540,108.00,658050.502,1159428.540,115.6,1,635698.433,1193167.705,10.79120000,76.24120462,0.363,0.067,0.0,0.0,0.0,0.0,0,0,RTK FIXED
18.650,094254.20,10.48526900,76.44417500,10.48526900,76.44417500,658050.502,1159428.540,108.00,658050.502,1159428.540,115.6,1,635698.433,1193167.705,10.79120000,76.24120462,0.363,0.067,0.0,0.0,0.0,0.0,0,0,RTK FIXED
18.704,094254.40,10.48526900,76.44417500,10.48526900,76.44417500,658050.502,1159428.540,108.00,658050.502,1159428.540,115.6,1,635698.433,1193167.705,10.79120000,76.24120462,0.363,0.066,0.0,0.0,0.0,0.0,0,0,RTK FIXED
18.750,094254.40,10.48526900,76.44417500,10.48526900,76.44417500,658050.502,1159428.540,108.00,658050.502,1159428.540,115.6,1,635698.433,1193167.705,10.79120000,76.24120462,0.363,0.066,0.0,0.0,0.0,0.0,0,0,RTK FIXED
18.803,094254.40,10.48526900,76.44417500,10.48526900,76.44417500,658050.502,1159428.540,108.00,658050.502,1159428.540,115.6,1,635698.433,1193167.705,10.79120000,76.24120462,0.363,0.066,0.0,0.0,0.0,0.0,0,0,RTK FIXED
18.850,094254.40,10.48526900,76.44417500,10.48526900,76.44417500,658050.502,1159428.540,108.00,658050.502,1159428.540,115.6,1,635698.433,1193167.705,10.79120000,76.24120462,0.363,0.066,0.0,0.0,0.0,0.0,0,0,RTK FIXED
18.903,094254.40,10.48526900,76.44417500,10.48526900,76.44417500,658050.502,1159428.540,108.00,658050.502,1159428.540,115.6,1,635698.433,1193167.705,10.79120000,76.24120462,0.363,0.066,0.0,0.0,0.0,0.0,0,0,RTK FIXED
18.950,094254.40,10.48526900,76.44417500,10.48526900,76.44417500,658050.502,1159428.540,108.00,658050.502,1159428.540,115.6,1,635698.433,1193167.705,10.79120000,76.24120462,0.363,0.066,0.0,0.0,0.0,0.0,0,0,RTK FIXED
19.004,094254.60,10.48526900,76.44417500,10.48526900,76.44417500,658050.502,1159428.540,108.00,658050.502,1159428.540,115.6,1,635698.433,1193167.705,10.79120000,76.24120462,0.363,0.065,0.0,0.0,0.0,0.0,0,0,RTK FIXED
19.049,094254.60,10.48526900,76.44417500,10.48526900,76.44417500,658050.502,1159428.540,108.00,658050.502,1159428.540,115.6,1,635698.433,1193167.705,10.79120000,76.24120462,0.363,0.065,0.0,0.0,0.0,0.0,0,0,RTK FIXED
19.103,094254.60,10.48526900,76.44417500,10.48526900,76.44417500,658050.502,1159428.540,108.00,658050.502,1159428.540,115.6,1,635698.433,1193167.705,10.79120000,76.24120462,0.363,0.065,0.0,0.0,0.0,0.0,0,0,RTK FIXED
19.158,094254.60,10.48526900,76.44417500,10.48526900,76.44417500,658050.502,1159428.540,108.00,658050.502,1159428.540,115.6,1,635698.433,1193167.705,10.79120000,76.24120462,0.363,0.065,0.0,0.0,0.0,0.0,0,0,RTK FIXED
19.204,094254.80,10.48526900,76.44417500,10.48526900,76.44417500,658050.502,1159428.540,108.00,658050.502,1159428.540,115.6,1,635698.433,1193167.705,10.79120000,76.24120462,0.363,0.065,0.0,0.0,0.0,0.0,0,0,RTK FIXED
19.258,094254.80,10.48526900,76.44417500,10.48526900,76.44417500,658050.502,1159428.540,108.00,658050.502,1159428.540,115.6,1,635698.433,1193167.705,10.79120000,76.24120462,0.363,0.065,0.0,0.0,0.0,0.0,0,0,RTK FIXED
19.304,094254.80,10.48526900,76.44417500,10.48526900,76.44417500,658050.502,1159428.540,108.00,658050.502,1159428.540,115.6,1,635698.433,1193167.705,10.79120000,76.24120462,0.363,0.065,0.0,0.0,0.0,0.0,0,0,RTK FIXED
19.358,094254.80,10.48526900,76.44417500,10.48526900,76.44417500,658050.502,1159428.540,108.00,658050.502,1159428.540,115.6,1,635698.433,1193167.705,10.79120000,76.24120462,0.363,0.065,0.0,0.0,0.0,0.0,0,0,RTK FIXED
19.404,094255.00,10.48526900,76.44417500,10.48526900,76.44417500,658050.502,1159428.540,108.00,658050.502,1159428.540,115.6,1,635698.433,1193167.705,10.79120000,76.24120462,0.363,0.065,0.0,0.0,0.0,0.0,0,0,RTK FIXED
19.458,094255.00,10.48526900,76.44417500,10.48526900,76.44417500,658050.502,1159428.540,108.00,658050.502,1159428.540,115.6,1,635698.433,1193167.705,10.79120000,76.24120462,0.363,0.065,0.0,0.0,0.0,0.0,0,0,RTK FIXED
19.504,094255.00,10.48526900,76.44417500,10.48526900,76.44417500,658050.502,1159428.540,108.00,658050.502,1159428.540,115.6,1,635698.433,1193167.705,10.79120000,76.24120462,0.363,0.065,0.0,0.0,0.0,0.0,0,0,RTK FIXED
19.558,094255.00,10.48526900,76.44417500,10.48526900,76.44417500,658050.502,1159428.540,108.00,658050.502,1159428.540,115.6,1,635698.433,1193167.705,10.79120000,76.24120462,0.363,0.065,0.0,0.0,0.0,0.0,0,0,RTK FIXED
19.604,094255.20,10.48526900,76.44417500,10.48526900,76.44417500,658050.502,1159428.540,108.00,658050.502,1159428.540,115.6,1,635698.433,1193167.705,10.79120000,76.24120462,0.363,0.065,0.0,0.0,0.0,0.0,0,0,RTK FIXED
19.658,094255.20,10.48526900,76.44417500,10.48526900,76.44417500,658050.502,1159428.540,108.00,658050.502,1159428.540,115.6,1,635698.433,1193167.705,10.79120000,76.24120462,0.363,0.065,0.0,0.0,0.0,0.0,0,0,RTK FIXED
19.712,094255.40,10.48526900,76.44417500,10.48526900,76.44417500,658050.502,1159428.540,108.00,658050.502,1159428.540,115.6,1,635698.433,1193167.705,10.79120000,76.24120462,0.363,0.064,0.0,0.0,0.0,0.0,0,0,RTK FIXED
19.758,094255.40,10.48526900,76.44417500,10.48526900,76.44417500,658050.502,1159428.540,108.00,658050.502,1159428.540,115.6,1,635698.433,1193167.705,10.79120000,76.24120462,0.363,0.064,0.0,0.0,0.0,0.0,0,0,RTK FIXED
19.812,094255.40,10.48526900,76.44417500,10.48526900,76.44417500,658050.502,1159428.540,108.00,658050.502,1159428.540,115.6,1,635698.433,1193167.705,10.79120000,76.24120462,0.363,0.064,0.0,0.0,0.0,0.0,0,0,RTK FIXED
19.859,094255.40,10.48526900,76.44417500,10.48526900,76.44417500,658050.502,1159428.540,108.00,658050.502,1159428.540,115.6,1,635698.433,1193167.705,10.79120000,76.24120462,0.363,0.064,0.0,0.0,0.0,0.0,0,0,RTK FIXED
19.912,094255.40,10.48526900,76.44417500,10.48526900,76.44417500,658050.502,1159428.540,108.00,658050.502,1159428.540,115.6,1,635698.433,1193167.705,10.79120000,76.24120462,0.363,0.064,0.0,0.0,0.0,0.0,0,0,RTK FIXED
19.958,094255.40,10.48526900,76.44417500,10.48526900,76.44417500,658050.502,1159428.540,108.00,658050.502,1159428.540,115.6,1,635698.433,1193167.705,10.79120000,76.24120462,0.363,0.064,0.0,0.0,0.0,0.0,0,0,RTK FIXED
20.013,094255.60,10.48526900,76.44417500,10.48526900,76.44417500,658050.502,1159428.540,108.00,658050.502,1159428.540,115.6,1,635698.433,1193167.705,10.79120000,76.24120462,0.363,0.064,0.0,0.0,0.0,0.0,0,0,RTK FIXED
20.058,094255.60,10.48526900,76.44417500,10.48526900,76.44417500,658050.502,1159428.540,108.00,658050.502,1159428.540,115.6,1,635698.433,1193167.705,10.79120000,76.24120462,0.363,0.064,0.0,0.0,0.0,0.0,0,0,RTK FIXED
20.112,094255.60,10.48526900,76.44417500,10.48526900,76.44417500,658050.502,1159428.540,108.00,658050.502,1159428.540,115.6,1,635698.433,1193167.705,10.79120000,76.24120462,0.363,0.064,0.0,0.0,0.0,0.0,0,0,RTK FIXED
21.187,094255.60,10.48526900,76.44417500,10.48526900,76.44417500,658050.502,1159428.540,108.00,658050.502,1159428.540,115.6,1,635698.433,1193167.705,10.79120000,76.24120462,0.363,0.064,0.0,0.0,0.0,0.0,0,0,RTK FIXED
21.220,094256.80,10.48526900,76.44417500,10.48526900,76.44417500,658050.502,1159428.540,108.00,658050.502,1159428.540,115.6,1,635698.433,1193167.705,10.79120000,76.24120462,0.363,0.064,0.0,0.0,0.0,0.0,0,0,RTK FIXED
21.251,094256.80,10.48526900,76.44417500,10.48526900,76.44417500,658050.502,1159428.540,108.00,658050.502,1159428.540,115.6,1,635698.433,1193167.705,10.79120000,76.24120462,0.363,0.064,0.0,0.0,0.0,0.0,0,0,RTK FIXED
21.296,094256.80,10.48526900,76.44417500,10.48526900,76.44417500,658050.502,1159428.540,108.00,658050.502,1159428.540,115.6,1,635698.433,1193167.705,10.79120000,76.24120462,0.363,0.064,0.0,0.0,0.0,0.0,0,0,RTK FIXED
21.351,094256.80,10.48526900,76.44417500,10.48526900,76.44417500,658050.502,1159428.540,108.00,658050.502,1159428.540,115.6,1,635698.433,1193167.705,10.79120000,76.24120462,0.363,0.064,0.0,0.0,0.0,0.0,0,0,RTK FIXED
21.405,094257.00,10.48526900,76.44417500,10.48526900,76.44417500,658050.502,1159428.540,108.00,658050.502,1159428.540,115.6,1,635698.433,1193167.705,10.79120000,76.24120462,0.363,0.064,0.0,0.0,0.0,0.0,0,0,RTK FIXED
21.451,094257.00,10.48526900,76.44417500,10.48526900,76.44417500,658050.502,1159428.540,108.00,658050.502,1159428.540,115.6,1,635698.433,1193167.705,10.79120000,76.24120462,0.363,0.064,0.0,0.0,0.0,0.0,0,0,RTK FIXED
21.505,094257.00,10.48526900,76.44417500,10.48526900,76.44417500,658050.502,1159428.540,108.00,658050.502,1159428.540,115.6,1,635698.433,1193167.705,10.79120000,76.24120462,0.363,0.064,0.0,0.0,0.0,0.0,0,0,RTK FIXED
21.551,094257.20,10.48526900,76.44417500,10.48526900,76.44417500,658050.502,1159428.540,108.00,658050.502,1159428.540,115.6,1,635698.433,1193167.705,10.79120000,76.24120462,0.363,0.064,0.0,0.0,0.0,0.0,0,0,RTK FIXED
21.606,094257.20,10.48526900,76.44417500,10.48526900,76.44417500,658050.502,1159428.540,108.00,658050.502,1159428.540,115.6,1,635698.433,1193167.705,10.79120000,76.24120462,0.363,0.064,0.0,0.0,0.0,0.0,0,0,RTK FIXED
21.651,094257.20,10.48526900,76.44417500,10.48526900,76.44417500,658050.502,1159428.540,108.00,658050.502,1159428.540,115.6,1,635698.433,1193167.705,10.79120000,76.24120462,0.363,0.064,0.0,0.0,0.0,0.0,0,0,RTK FIXED
21.705,094257.20,10.48526900,76.44417500,10.48526900,76.44417500,658050.502,1159428.540,108.00,658050.502,1159428.540,115.6,1,635698.433,1193167.705,10.79120000,76.24120462,0.363,0.064,0.0,0.0,0.0,0.0,0,0,RTK FIXED
21.751,094257.20,10.48526900,76.44417500,10.48526900,76.44417500,658050.502,1159428.540,108.00,658050.502,1159428.540,115.6,1,635698.433,1193167.705,10.79120000,76.24120462,0.363,0.064,0.0,0.0,0.0,0.0,0,0,RTK FIXED
21.806,094257.40,10.48526900,76.44417500,10.48526900,76.44417500,658050.502,1159428.540,108.00,658050.502,1159428.540,115.6,1,635698.433,1193167.705,10.79120000,76.24120462,0.363,0.064,0.0,0.0,0.0,0.0,0,0,RTK FIXED
21.851,094257.40,10.48526900,76.44417500,10.48526900,76.44417500,658050.502,1159428.540,108.00,658050.502,1159428.540,115.6,1,635698.433,1193167.705,10.79120000,76.24120462,0.363,0.064,0.0,0.0,0.0,0.0,0,0,RTK FIXED
21.906,094257.40,10.48526900,76.44417500,10.48526900,76.44417500,658050.502,1159428.540,108.00,658050.502,1159428.540,115.6,1,635698.433,1193167.705,10.79120000,76.24120462,0.363,0.064,0.0,0.0,0.0,0.0,0,0,RTK FIXED
21.959,094257.40,10.48526900,76.44417500,10.48526900,76.44417500,658050.502,1159428.540,108.00,658050.502,1159428.540,115.6,1,635698.433,1193167.705,10.79120000,76.24120462,0.363,0.064,0.0,0.0,0.0,0.0,0,0,RTK FIXED
22.006,094257.60,10.48526900,76.44417500,10.48526900,76.44417500,658050.502,1159428.540,108.00,658050.502,1159428.540,115.6,1,635698.433,1193167.705,10.79120000,76.24120462,0.363,0.064,0.0,0.0,0.0,0.5,0,0,RTK FIXED
22.059,094257.60,10.48526900,76.44417500,10.48526900,76.44417500,658050.502,1159428.540,108.00,658050.502,1159428.540,115.6,1,635698.433,1193167.705,10.79120000,76.24120462,0.363,0.064,0.0,0.0,0.0,-0.5,0,0,RTK FIXED
22.106,094257.60,10.48526900,76.44417500,10.48526900,76.44417500,658050.502,1159428.540,108.00,658050.502,1159428.540,115.6,1,635698.433,1193167.705,10.79120000,76.24120462,0.363,0.064,0.0,0.0,0.0,0.0,0,0,RTK FIXED
22.159,094257.60,10.48526900,76.44417500,10.48526900,76.44417500,658050.502,1159428.540,108.00,658050.502,1159428.540,115.6,1,635698.433,1193167.705,10.79120000,76.24120462,0.363,0.064,0.0,0.0,0.0,0.0,0,0,RTK FIXED
22.206,094257.80,10.48526900,76.44417500,10.48526900,76.44417500,658050.502,1159428.540,108.00,658050.502,1159428.540,115.6,1,635698.433,1193167.705,10.79120000,76.24120462,0.363,0.064,0.0,0.0,0.0,0.0,0,0,RTK FIXED
22.259,094257.80,10.48526900,76.44417500,10.48526900,76.44417500,658050.502,1159428.540,108.00,658050.502,1159428.540,115.6,1,635698.433,1193167.705,10.79120000,76.24120462,0.363,0.064,0.0,0.0,0.0,0.0,0,0,RTK FIXED
22.306,094257.80,10.48526900,76.44417500,10.48526900,76.44417500,658050.502,1159428.540,108.00,658050.502,1159428.540,115.6,1,635698.433,1193167.705,10.79120000,76.24120462,0.363,0.064,0.0,0.0,0.0,0.0,0,0,RTK FIXED
22.359,094257.80,10.48526900,76.44417500,10.48526900,76.44417500,658050.502,1159428.540,108.00,658050.502,1159428.540,115.6,1,635698.433,1193167.705,10.79120000,76.24120462,0.363,0.064,0.0,0.0,0.0,0.0,0,0,RTK FIXED
22.406,094258.00,10.48526900,76.44417500,10.48526900,76.44417500,658050.502,1159428.540,108.00,658050.502,1159428.540,115.6,1,635698.433,1193167.705,10.79120000,76.24120462,0.363,0.064,0.0,0.0,0.0,0.0,0,0,RTK FIXED
22.459,094258.00,10.48526900,76.44417500,10.48526900,76.44417500,658050.502,1159428.540,108.00,658050.502,1159428.540,115.6,1,635698.433,1193167.705,10.79120000,76.24120462,0.363,0.064,0.0,0.0,0.0,0.0,0,0,RTK FIXED
22.514,094258.00,10.48526900,76.44417500,10.48526900,76.44417500,658050.502,1159428.540,108.00,658050.502,1159428.540,115.6,1,635698.433,1193167.705,10.79120000,76.24120462,0.363,0.064,0.0,0.0,0.0,0.0,0,0,RTK FIXED
22.560,094258.20,10.48526900,76.44417500,10.48526900,76.44417500,658050.502,1159428.540,108.00,658050.502,1159428.540,115.6,1,635698.433,1193167.705,10.79120000,76.24120462,0.363,0.064,0.0,0.0,0.0,0.0,0,0,RTK FIXED
22.614,094258.20,10.48526900,76.44417500,10.48526900,76.44417500,658050.502,1159428.540,108.00,658050.502,1159428.540,115.6,1,635698.433,1193167.705,10.79120000,76.24120462,0.363,0.064,0.0,0.0,0.0,0.0,0,0,RTK FIXED
22.660,094258.20,10.48526900,76.44417500,10.48526900,76.44417500,658050.502,1159428.540,108.00,658050.502,1159428.540,115.6,1,635698.433,1193167.705,10.79120000,76.24120462,0.363,0.064,0.0,0.0,0.0,0.0,0,0,RTK FIXED
22.714,094258.40,10.48526900,76.44417500,10.48526900,76.44417500,658050.502,1159428.540,108.00,658050.502,1159428.540,115.6,1,635698.433,1193167.705,10.79120000,76.24120462,0.363,0.064,0.0,0.0,0.0,0.0,0,0,RTK FIXED
22.760,094258.40,10.48526900,76.44417500,10.48526900,76.44417500,658050.502,1159428.540,108.00,658050.502,1159428.540,115.6,1,635698.433,1193167.705,10.79120000,76.24120462,0.363,0.064,0.0,0.0,0.0,0.0,0,0,RTK FIXED
22.814,094258.40,10.48526900,76.44417500,10.48526900,76.44417500,658050.502,1159428.540,108.00,658050.502,1159428.540,115.6,1,635698.433,1193167.705,10.79120000,76.24120462,0.363,0.064,0.0,0.0,0.0,0.5,0,0,RTK FIXED
22.860,094258.40,10.48526900,76.44417500,10.48526900,76.44417500,658050.502,1159428.540,108.00,658050.502,1159428.540,115.6,1,635698.433,1193167.705,10.79120000,76.24120462,0.363,0.064,0.0,0.0,0.0,-0.5,0,0,RTK FIXED
22.914,094258.40,10.48526900,76.44417500,10.48526900,76.44417500,658050.502,1159428.540,108.00,658050.502,1159428.540,115.6,1,635698.433,1193167.705,10.79120000,76.24120462,0.363,0.064,0.0,0.0,0.0,0.0,0,0,RTK FIXED
22.960,094258.40,10.48526900,76.44417500,10.48526900,76.44417500,658050.502,1159428.540,108.00,658050.502,1159428.540,115.6,1,635698.433,1193167.705,10.79120000,76.24120462,0.363,0.064,0.0,0.0,0.0,0.0,0,0,RTK FIXED
23.014,094258.60,10.48526900,76.44417500,10.48526900,76.44417500,658050.502,1159428.540,108.00,658050.502,1159428.540,115.6,1,635698.433,1193167.705,10.79120000,76.24120462,0.363,0.064,0.0,0.0,0.0,0.0,0,0,RTK FIXED
23.068,094258.60,10.48526900,76.44417500,10.48526900,76.44417500,658050.502,1159428.540,108.00,658050.502,1159428.540,115.6,1,635698.433,1193167.705,10.79120000,76.24120462,0.363,0.064,0.0,0.0,0.0,0.0,0,0,RTK FIXED
23.114,094258.60,10.48526900,76.44417500,10.48526900,76.44417500,658050.502,1159428.540,108.00,658050.502,1159428.540,115.6,1,635698.433,1193167.705,10.79120000,76.24120462,0.363,0.064,0.0,0.0,0.0,0.0,0,0,RTK FIXED
23.169,094258.60,10.48526900,76.44417500,10.48526900,76.44417500,658050.502,1159428.540,108.00,658050.502,1159428.540,115.6,1,635698.433,1193167.705,10.79120000,76.24120462,0.363,0.064,0.0,0.0,0.0,0.0,0,0,RTK FIXED
23.215,094258.80,10.48526900,76.44417500,10.48526900,76.44417500,658050.502,1159428.540,108.00,658050.502,1159428.540,115.6,1,635698.433,1193167.705,10.79120000,76.24120462,0.363,0.064,0.0,0.0,0.0,0.0,0,0,RTK FIXED
